"ID","Sexe","Age","Commune","Connaissance_Produits","Disponibilite_Produits","Frequence_Achat","Depense_Moyenne_Mois","Qualite_Service","Satisfaction_Globale","Interet_Nouveau_Service","Caracteristiques_Recherchees","Support_Info","Importance_Disponibilite","Importance_Qualite","Importance_Prix","Importance_Image","Willingness_to_Pay","Commentaires"
1,"Femme",21,"Gueule Tapée-Fass-Colobane","Non",5,"Jamais",11760,2,1,"Non","Livraison rapide","Affichage campus",4,4,2,2,2441,"Améliorer la qualité du service."
2,"Homme",23,"Fann-Point E-Amitié","Non",4,"Jamais",6740,2,2,"Oui","Prix bas","Affichage campus",1,3,4,4,5053,"Ajouter plus de fonctionnalités."
3,"Femme",21,"Hann Bel-Air","Oui",3,"Souvent",11235,2,1,"Oui","Livraison rapide","Email",3,1,5,3,11996,"Bonne initiative pour les étudiants."
4,"Homme",24,"Gueule Tapée-Fass-Colobane","Non",4,"Parfois",16420,3,3,"Non","Sécurité","Affichage campus",1,1,4,1,9352,"Rendre les prix plus abordables."
5,"Homme",23,"Hann Bel-Air","Oui",3,"Souvent",17115,3,3,"Oui","Sécurité","Email",1,4,2,5,16105,"Améliorer la qualité du service."
6,"Femme",20,"Ouakam","Oui",1,"Très souvent",23153,4,5,"Oui","Offre personnalisée","Affichage campus",5,1,4,1,18050,"Rendre les prix plus abordables."
7,"Homme",26,"Parcelles Assainies","Oui",4,"Très souvent",23539,4,4,"Non","Livraison rapide","Affichage campus",5,5,5,4,11872,"Offrir un essai gratuit."
8,"Homme",22,"Dakar-Plateau","Oui",4,"Parfois",14749,4,5,"Non","Sécurité","Affichage campus",2,3,1,3,11489,"Bonne initiative pour les étudiants."
9,"Homme",19,"Ouakam","Non",4,"Jamais",12773,2,3,"Oui","Sécurité","Affichage campus",1,1,2,4,11616,"Bonne initiative pour les étudiants."
10,"Femme",20,"Gueule Tapée-Fass-Colobane","Non",4,"Parfois",10314,3,3,"Oui","Sécurité","Email",5,1,2,4,9589,"Ajouter plus de fonctionnalités."
11,"Homme",22,"Ngor","Oui",3,"Très souvent",19840,5,5,"Oui","Livraison rapide","SMS",1,3,4,2,14971,"Améliorer la qualité du service."
12,"Femme",23,"Fann-Point E-Amitié","Oui",2,"Parfois",6753,4,4,"Oui","Sécurité","Affichage campus",5,3,1,4,10656,"Ajouter plus de fonctionnalités."
13,"Homme",28,"Dakar-Plateau","Oui",2,"Parfois",17991,3,2,"Oui","Livraison rapide","Bouche-à-oreille",1,2,3,3,11481,"Ajouter plus de fonctionnalités."
14,"Homme",23,"Yoff","Oui",3,"Souvent",15378,3,3,"Oui","Sécurité","Réseaux sociaux",5,3,1,3,14670,"Offrir un essai gratuit."
15,"Femme",22,"Dakar-Plateau","Non",3,"Rarement",10818,4,3,"Non","Sécurité","Email",3,3,3,5,7119,"Offrir un essai gratuit."
16,"Homme",25,"Parcelles Assainies","Oui",5,"Souvent",8976,3,4,"Non","Sécurité","Email",1,2,3,3,5716,"Bonne initiative pour les étudiants."
17,"Femme",24,"Gueule Tapée-Fass-Colobane","Oui",1,"Souvent",16177,3,2,"Oui","Livraison rapide","Affichage campus",5,3,2,1,11101,"Bonne initiative pour les étudiants."
18,"Femme",19,"Fann-Point E-Amitié","Oui",1,"Souvent",10404,4,5,"Non","Livraison rapide","Email",3,3,1,1,6637,"Ajouter plus de fonctionnalités."
19,"Femme",20,"Hann Bel-Air","Oui",4,"Souvent",16939,3,1,"Non","Livraison rapide","Affichage campus",3,5,4,4,8944,"Bonne initiative pour les étudiants."
20,"Homme",20,"Gueule Tapée-Fass-Colobane","Oui",3,"Parfois",13420,3,2,"Oui","Livraison rapide","Affichage campus",5,2,3,5,9176,"Ajouter plus de fonctionnalités."
21,"Homme",23,"Ouakam","Oui",2,"Très souvent",17185,4,4,"Non","Sécurité","Affichage campus",1,5,2,2,12032,"Bonne initiative pour les étudiants."
22,"Homme",23,"Parcelles Assainies","Non",4,"Parfois",9536,3,2,"Oui","Interface simple","Affichage campus",3,1,5,5,12479,"Bonne initiative pour les étudiants."
23,"Homme",23,"Dakar-Plateau","Non",5,"Jamais",16961,2,3,"Oui","Livraison rapide","Bouche-à-oreille",1,3,3,1,15350,"Améliorer la qualité du service."
24,"Homme",24,"Fann-Point E-Amitié","Oui",2,"Très souvent",12910,4,4,"Oui","Offre personnalisée","Bouche-à-oreille",2,5,1,1,14231,"Ajouter plus de fonctionnalités."
25,"Homme",26,"Mermoz-Sacré-Cœur","Non",2,"Parfois",12446,3,3,"Oui","Livraison rapide","Bouche-à-oreille",5,2,2,5,10445,"Améliorer la qualité du service."
26,"Homme",27,"Yoff","Oui",3,"Souvent",14330,4,5,"Oui","Sécurité","SMS",4,3,2,1,14092,"Rendre les prix plus abordables."
27,"Homme",29,"Ouakam","Non",2,"Rarement",11743,4,4,"Non","Livraison rapide","Email",3,1,3,5,11876,"Améliorer la qualité du service."
28,"Homme",24,"Hann Bel-Air","Oui",3,"Parfois",13878,3,4,"Oui","Sécurité","Email",3,1,4,4,15237,"Offrir un essai gratuit."
29,"Femme",21,"Mermoz-Sacré-Cœur","Oui",4,"Souvent",16226,5,5,"Oui","Livraison rapide","Bouche-à-oreille",3,5,3,2,15803,"Offrir un essai gratuit."
30,"Femme",24,"Parcelles Assainies","Oui",4,"Parfois",16117,2,3,"Oui","Sécurité","Bouche-à-oreille",4,2,4,4,14468,"Bonne initiative pour les étudiants."
31,"Homme",19,"Dakar-Plateau","Non",1,"Parfois",11589,2,1,"Non","Interface simple","Bouche-à-oreille",4,2,2,1,3954,"Ajouter plus de fonctionnalités."
32,"Homme",27,"Ouakam","Oui",4,"Très souvent",22168,3,2,"Oui","Interface simple","Affichage campus",2,2,2,2,14261,"Rendre les prix plus abordables."
33,"Homme",22,"Yoff","Non",5,"Jamais",12750,2,1,"Non","Prix bas","SMS",1,5,5,3,5258,"Rendre les prix plus abordables."
34,"Homme",20,"Ngor","Oui",4,"Souvent",22903,4,4,"Oui","Livraison rapide","Réseaux sociaux",4,5,3,5,19040,"Bonne initiative pour les étudiants."
35,"Femme",24,"Hann Bel-Air","Oui",2,"Souvent",14408,2,3,"Oui","Offre personnalisée","Email",1,5,4,2,11122,"Améliorer la qualité du service."
36,"Femme",24,"Dakar-Plateau","Oui",3,"Souvent",22403,4,3,"Oui","Livraison rapide","Affichage campus",1,4,2,5,13578,"Offrir un essai gratuit."
37,"Homme",23,"Hann Bel-Air","Oui",4,"Très souvent",19374,3,3,"Oui","Livraison rapide","Bouche-à-oreille",4,5,5,3,13598,"Offrir un essai gratuit."
38,"Femme",24,"Yoff","Oui",4,"Parfois",12233,3,3,"Oui","Sécurité","Réseaux sociaux",1,5,2,2,12049,"Bonne initiative pour les étudiants."
39,"Femme",20,"Fann-Point E-Amitié","Non",4,"Rarement",11375,1,1,"Oui","Prix bas","Email",5,3,1,1,9360,"Offrir un essai gratuit."
40,"Femme",20,"Hann Bel-Air","Non",2,"Parfois",11119,4,4,"Non","Sécurité","Affichage campus",5,2,4,1,7302,"Offrir un essai gratuit."
41,"Femme",18,"Ouakam","Non",2,"Jamais",9081,2,2,"Oui","Livraison rapide","Bouche-à-oreille",2,4,2,1,8582,"Ajouter plus de fonctionnalités."
42,"Femme",19,"Gueule Tapée-Fass-Colobane","Oui",2,"Très souvent",14841,3,2,"Oui","Interface simple","Email",2,1,5,3,10450,"Rendre les prix plus abordables."
43,"Femme",20,"Fann-Point E-Amitié","Oui",2,"Très souvent",16056,4,4,"Non","Offre personnalisée","Email",5,4,2,1,11929,"Améliorer la qualité du service."
44,"Femme",20,"Ngor","Oui",3,"Parfois",14282,3,4,"Non","Livraison rapide","SMS",1,1,3,4,9528,"Offrir un essai gratuit."
45,"Femme",21,"Fann-Point E-Amitié","Oui",1,"Parfois",13591,3,2,"Oui","Prix bas","Email",3,4,4,1,12965,"Rendre les prix plus abordables."
46,"Femme",22,"Gueule Tapée-Fass-Colobane","Non",5,"Rarement",10938,1,1,"Oui","Livraison rapide","Email",4,4,4,4,7713,"Améliorer la qualité du service."
47,"Femme",23,"Gueule Tapée-Fass-Colobane","Oui",5,"Souvent",20967,3,3,"Oui","Livraison rapide","Email",3,3,3,4,17827,"Ajouter plus de fonctionnalités."
48,"Femme",22,"Patte d'Oie","Oui",1,"Parfois",19701,3,4,"Oui","Sécurité","SMS",3,4,4,1,15288,"Améliorer la qualité du service."
49,"Femme",18,"Mermoz-Sacré-Cœur","Oui",5,"Très souvent",17294,3,3,"Oui","Livraison rapide","Bouche-à-oreille",2,5,4,3,14302,"Offrir un essai gratuit."
50,"Homme",23,"Grand Dakar","Oui",1,"Souvent",19945,4,5,"Non","Sécurité","Bouche-à-oreille",2,4,5,2,13206,"Offrir un essai gratuit."
51,"Femme",19,"Ouakam","Oui",1,"Très souvent",19647,5,4,"Oui","Sécurité","Email",1,2,4,3,16208,"Bonne initiative pour les étudiants."
52,"Femme",18,"Fann-Point E-Amitié","Oui",5,"Parfois",23414,4,5,"Oui","Sécurité","Affichage campus",2,3,2,4,15828,"Bonne initiative pour les étudiants."
53,"Homme",26,"Grand Dakar","Non",4,"Rarement",9034,2,2,"Oui","Prix bas","Bouche-à-oreille",1,1,3,1,8015,"Rendre les prix plus abordables."
54,"Femme",24,"Dakar-Plateau","Oui",2,"Très souvent",16175,3,2,"Oui","Interface simple","Email",3,3,1,2,12017,"Améliorer la qualité du service."
55,"Homme",26,"Yoff","Oui",4,"Souvent",16140,3,1,"Oui","Prix bas","SMS",5,4,3,2,9236,"Ajouter plus de fonctionnalités."
56,"Femme",21,"Dakar-Plateau","Non",1,"Jamais",10752,3,3,"Oui","Livraison rapide","Affichage campus",1,5,3,1,12695,"Ajouter plus de fonctionnalités."
57,"Femme",19,"Ngor","Oui",3,"Souvent",15545,3,4,"Non","Sécurité","SMS",2,1,1,1,8219,"Ajouter plus de fonctionnalités."
58,"Homme",26,"Dakar-Plateau","Oui",3,"Souvent",16053,3,3,"Oui","Livraison rapide","Bouche-à-oreille",4,3,2,1,12474,"Offrir un essai gratuit."
59,"Homme",26,"Ngor","Non",3,"Jamais",6164,1,1,"Oui","Livraison rapide","SMS",1,5,2,2,9272,"Bonne initiative pour les étudiants."
60,"Femme",19,"Parcelles Assainies","Oui",2,"Très souvent",7687,5,5,"Non","Livraison rapide","Affichage campus",1,1,2,2,8743,"Ajouter plus de fonctionnalités."
61,"Homme",24,"Hann Bel-Air","Oui",4,"Souvent",14193,2,2,"Oui","Livraison rapide","Email",3,3,3,2,11237,"Améliorer la qualité du service."
62,"Femme",21,"Fann-Point E-Amitié","Non",3,"Rarement",13272,3,2,"Oui","Livraison rapide","Bouche-à-oreille",4,4,3,5,13161,"Offrir un essai gratuit."
63,"Femme",23,"Ouakam","Oui",1,"Parfois",11867,3,3,"Oui","Offre personnalisée","Email",2,4,2,3,12573,"Rendre les prix plus abordables."
64,"Femme",23,"Hann Bel-Air","Non",5,"Parfois",4290,4,4,"Oui","Offre personnalisée","Bouche-à-oreille",2,3,3,2,10888,"Offrir un essai gratuit."
65,"Homme",27,"Fann-Point E-Amitié","Oui",2,"Souvent",16064,5,4,"Non","Sécurité","Bouche-à-oreille",4,5,5,1,12135,"Améliorer la qualité du service."
66,"Femme",19,"Ouakam","Non",5,"Jamais",12559,1,1,"Non","Prix bas","Bouche-à-oreille",1,4,1,3,4834,"Rendre les prix plus abordables."
67,"Homme",23,"Gueule Tapée-Fass-Colobane","Oui",5,"Souvent",13434,5,5,"Non","Sécurité","Email",2,5,2,1,8639,"Bonne initiative pour les étudiants."
68,"Homme",20,"Ngor","Oui",3,"Parfois",20490,4,4,"Oui","Sécurité","SMS",4,1,2,5,19755,"Améliorer la qualité du service."
69,"Homme",26,"Ngor","Non",5,"Parfois",14362,3,4,"Oui","Livraison rapide","Réseaux sociaux",5,4,2,5,17755,"Ajouter plus de fonctionnalités."
70,"Femme",24,"Patte d'Oie","Oui",4,"Parfois",16503,3,3,"Oui","Livraison rapide","Réseaux sociaux",3,1,2,5,11697,"Améliorer la qualité du service."
71,"Homme",26,"Grand Dakar","Oui",5,"Parfois",17428,3,3,"Oui","Livraison rapide","Email",4,2,2,1,14583,"Ajouter plus de fonctionnalités."
72,"Homme",29,"Ngor","Non",3,"Parfois",13965,4,4,"Non","Sécurité","SMS",5,4,1,3,11816,"Offrir un essai gratuit."
73,"Homme",26,"Mermoz-Sacré-Cœur","Oui",5,"Parfois",22267,1,1,"Oui","Prix bas","Affichage campus",3,4,3,5,14081,"Offrir un essai gratuit."
74,"Femme",25,"Fann-Point E-Amitié","Oui",4,"Souvent",19891,5,4,"Non","Offre personnalisée","Email",2,5,4,2,13656,"Ajouter plus de fonctionnalités."
75,"Femme",24,"Yoff","Oui",2,"Très souvent",7683,3,4,"Non","Offre personnalisée","Réseaux sociaux",2,2,3,4,3331,"Améliorer la qualité du service."
76,"Femme",24,"Grand Dakar","Oui",1,"Très souvent",14419,2,2,"Oui","Livraison rapide","Affichage campus",5,1,5,5,10560,"Offrir un essai gratuit."
77,"Femme",21,"Patte d'Oie","Oui",5,"Souvent",16064,4,5,"Non","Offre personnalisée","SMS",5,2,2,3,12177,"Améliorer la qualité du service."
78,"Homme",24,"Mermoz-Sacré-Cœur","Non",5,"Parfois",11792,1,1,"Oui","Prix bas","Bouche-à-oreille",3,5,2,3,9627,"Bonne initiative pour les étudiants."
79,"Femme",20,"Dakar-Plateau","Oui",3,"Parfois",15907,3,1,"Oui","Livraison rapide","Bouche-à-oreille",2,1,3,4,9628,"Rendre les prix plus abordables."
80,"Femme",23,"Parcelles Assainies","Non",4,"Rarement",8958,1,2,"Oui","Livraison rapide","Affichage campus",3,4,3,1,9991,"Offrir un essai gratuit."
81,"Femme",23,"Gueule Tapée-Fass-Colobane","Oui",1,"Parfois",18437,1,1,"Oui","Interface simple","Email",5,1,1,2,9901,"Améliorer la qualité du service."
82,"Homme",20,"Grand Dakar","Non",2,"Parfois",16955,3,3,"Oui","Sécurité","Affichage campus",5,2,5,2,15551,"Améliorer la qualité du service."
83,"Femme",23,"Ngor","Oui",3,"Très souvent",20244,5,5,"Non","Offre personnalisée","Réseaux sociaux",5,5,1,1,11374,"Rendre les prix plus abordables."
84,"Homme",23,"Gueule Tapée-Fass-Colobane","Non",2,"Rarement",9782,3,4,"Oui","Livraison rapide","Affichage campus",5,1,3,1,12956,"Améliorer la qualité du service."
85,"Femme",25,"Patte d'Oie","Oui",3,"Très souvent",23376,3,2,"Oui","Interface simple","SMS",2,3,3,3,14657,"Bonne initiative pour les étudiants."
86,"Femme",21,"Gueule Tapée-Fass-Colobane","Oui",4,"Très souvent",15455,4,3,"Oui","Sécurité","Email",2,2,2,2,14971,"Rendre les prix plus abordables."
87,"Homme",23,"Patte d'Oie","Non",2,"Jamais",10140,2,3,"Oui","Livraison rapide","SMS",1,2,2,5,10810,"Améliorer la qualité du service."
88,"Homme",27,"Mermoz-Sacré-Cœur","Non",3,"Parfois",9826,3,2,"Non","Livraison rapide","Bouche-à-oreille",3,2,3,3,9236,"Ajouter plus de fonctionnalités."
89,"Homme",30,"Ngor","Oui",4,"Parfois",19599,3,2,"Non","Livraison rapide","SMS",2,2,1,1,12654,"Offrir un essai gratuit."
90,"Femme",20,"Patte d'Oie","Oui",2,"Très souvent",15395,4,5,"Oui","Livraison rapide","SMS",3,3,1,5,17324,"Bonne initiative pour les étudiants."
91,"Femme",25,"Patte d'Oie","Oui",4,"Très souvent",22604,3,3,"Oui","Livraison rapide","SMS",1,4,4,5,17105,"Bonne initiative pour les étudiants."
92,"Homme",24,"Fann-Point E-Amitié","Oui",2,"Très souvent",21379,4,5,"Oui","Offre personnalisée","Bouche-à-oreille",1,2,3,1,18184,"Améliorer la qualité du service."
93,"Femme",22,"Yoff","Oui",5,"Souvent",19150,3,3,"Oui","Livraison rapide","Réseaux sociaux",3,5,2,1,11625,"Améliorer la qualité du service."
94,"Homme",24,"Ngor","Oui",1,"Très souvent",17279,4,4,"Oui","Offre personnalisée","SMS",5,5,4,1,14288,"Ajouter plus de fonctionnalités."
95,"Femme",25,"Yoff","Oui",3,"Souvent",14794,4,3,"Oui","Offre personnalisée","Réseaux sociaux",3,1,1,2,11670,"Ajouter plus de fonctionnalités."
96,"Femme",25,"Mermoz-Sacré-Cœur","Oui",3,"Très souvent",16292,4,5,"Oui","Livraison rapide","Bouche-à-oreille",5,1,4,3,16256,"Bonne initiative pour les étudiants."
97,"Homme",26,"Yoff","Non",4,"Rarement",5868,2,1,"Oui","Prix bas","Réseaux sociaux",1,3,4,4,8670,"Ajouter plus de fonctionnalités."
98,"Femme",24,"Hann Bel-Air","Oui",5,"Souvent",20871,2,2,"Non","Livraison rapide","Bouche-à-oreille",3,2,5,4,10217,"Bonne initiative pour les étudiants."
99,"Femme",23,"Mermoz-Sacré-Cœur","Oui",4,"Souvent",15816,4,4,"Oui","Sécurité","Affichage campus",1,1,1,3,15628,"Bonne initiative pour les étudiants."
100,"Femme",21,"Grand Dakar","Oui",2,"Parfois",14087,1,1,"Non","Interface simple","Email",4,4,1,5,8891,"Rendre les prix plus abordables."
101,"Homme",25,"Ouakam","Non",4,"Jamais",16968,2,3,"Oui","Sécurité","Affichage campus",1,5,1,3,13435,"Ajouter plus de fonctionnalités."
102,"Femme",19,"Patte d'Oie","Non",4,"Parfois",16253,3,2,"Non","Prix bas","SMS",5,1,4,1,7366,"Ajouter plus de fonctionnalités."
103,"Femme",21,"Patte d'Oie","Non",2,"Parfois",18693,2,2,"Oui","Livraison rapide","SMS",1,5,1,2,16459,"Ajouter plus de fonctionnalités."
104,"Homme",23,"Grand Dakar","Non",5,"Rarement",13329,3,3,"Non","Offre personnalisée","Email",4,2,4,3,10096,"Rendre les prix plus abordables."
105,"Femme",18,"Grand Dakar","Oui",2,"Parfois",17247,4,5,"Oui","Livraison rapide","Bouche-à-oreille",5,4,1,3,13212,"Rendre les prix plus abordables."
106,"Homme",20,"Gueule Tapée-Fass-Colobane","Oui",4,"Très souvent",20307,2,2,"Oui","Prix bas","Email",2,4,3,4,14124,"Ajouter plus de fonctionnalités."
107,"Homme",25,"Patte d'Oie","Non",5,"Rarement",7698,2,3,"Oui","Livraison rapide","SMS",1,3,3,2,13204,"Bonne initiative pour les étudiants."
108,"Homme",20,"Dakar-Plateau","Non",2,"Jamais",9509,4,3,"Oui","Offre personnalisée","Affichage campus",1,1,3,4,9140,"Offrir un essai gratuit."
109,"Femme",27,"Grand Dakar","Oui",3,"Très souvent",17362,3,2,"Non","Livraison rapide","Affichage campus",4,4,4,5,7136,"Rendre les prix plus abordables."
110,"Femme",19,"Grand Dakar","Oui",1,"Parfois",18651,2,3,"Oui","Offre personnalisée","Bouche-à-oreille",2,3,3,3,13762,"Améliorer la qualité du service."
111,"Homme",27,"Gueule Tapée-Fass-Colobane","Non",2,"Parfois",13669,2,1,"Oui","Prix bas","Email",4,4,1,4,13672,"Améliorer la qualité du service."
112,"Femme",18,"Mermoz-Sacré-Cœur","Oui",2,"Souvent",14379,3,2,"Non","Prix bas","Bouche-à-oreille",4,4,2,1,6413,"Ajouter plus de fonctionnalités."
113,"Femme",20,"Yoff","Oui",5,"Parfois",16261,3,3,"Oui","Offre personnalisée","SMS",2,2,1,5,13154,"Ajouter plus de fonctionnalités."
114,"Homme",18,"Patte d'Oie","Oui",1,"Souvent",17685,3,3,"Non","Livraison rapide","SMS",1,4,4,1,9036,"Ajouter plus de fonctionnalités."
115,"Homme",26,"Grand Dakar","Non",2,"Jamais",10356,2,3,"Oui","Offre personnalisée","Bouche-à-oreille",2,3,2,4,9715,"Bonne initiative pour les étudiants."
116,"Femme",21,"Hann Bel-Air","Non",3,"Parfois",10088,4,5,"Non","Offre personnalisée","Email",5,1,5,4,9944,"Bonne initiative pour les étudiants."
117,"Homme",28,"Parcelles Assainies","Oui",4,"Souvent",12593,4,5,"Oui","Offre personnalisée","Bouche-à-oreille",2,3,2,5,13758,"Bonne initiative pour les étudiants."
118,"Homme",21,"Gueule Tapée-Fass-Colobane","Oui",2,"Souvent",11276,4,4,"Non","Offre personnalisée","Email",3,5,5,2,11223,"Offrir un essai gratuit."
119,"Homme",30,"Patte d'Oie","Non",2,"Rarement",10315,2,2,"Oui","Prix bas","Réseaux sociaux",4,4,4,4,7192,"Améliorer la qualité du service."
120,"Femme",24,"Ngor","Oui",1,"Souvent",18592,3,3,"Non","Livraison rapide","Réseaux sociaux",2,5,3,1,13273,"Rendre les prix plus abordables."
121,"Homme",29,"Dakar-Plateau","Oui",1,"Parfois",15412,4,5,"Oui","Livraison rapide","Bouche-à-oreille",2,1,1,2,13376,"Bonne initiative pour les étudiants."
122,"Femme",21,"Grand Dakar","Oui",3,"Souvent",15880,4,4,"Non","Offre personnalisée","Affichage campus",1,5,2,4,9260,"Offrir un essai gratuit."
123,"Femme",19,"Grand Dakar","Oui",4,"Souvent",20140,4,5,"Non","Offre personnalisée","Bouche-à-oreille",1,2,1,4,11948,"Améliorer la qualité du service."
124,"Femme",23,"Yoff","Oui",4,"Souvent",16159,4,3,"Non","Livraison rapide","Réseaux sociaux",1,2,1,4,11038,"Ajouter plus de fonctionnalités."
125,"Femme",22,"Parcelles Assainies","Oui",4,"Parfois",17768,3,3,"Oui","Sécurité","Email",3,1,1,4,17744,"Améliorer la qualité du service."
126,"Homme",23,"Dakar-Plateau","Oui",1,"Souvent",15941,3,1,"Oui","Prix bas","Email",1,5,2,3,9629,"Rendre les prix plus abordables."
127,"Femme",26,"Hann Bel-Air","Oui",4,"Très souvent",14994,3,3,"Oui","Sécurité","Affichage campus",4,3,5,1,14308,"Offrir un essai gratuit."
128,"Femme",24,"Parcelles Assainies","Non",1,"Parfois",10238,3,2,"Oui","Prix bas","Affichage campus",5,1,4,3,11344,"Bonne initiative pour les étudiants."
129,"Femme",22,"Fann-Point E-Amitié","Oui",1,"Parfois",17566,3,3,"Non","Livraison rapide","Affichage campus",5,3,2,2,9449,"Améliorer la qualité du service."
130,"Homme",23,"Parcelles Assainies","Non",3,"Jamais",10192,3,3,"Non","Sécurité","Affichage campus",5,2,1,1,4032,"Rendre les prix plus abordables."
131,"Homme",21,"Ngor","Non",2,"Parfois",13281,2,3,"Oui","Offre personnalisée","Réseaux sociaux",2,5,5,4,10597,"Ajouter plus de fonctionnalités."
132,"Homme",28,"Grand Dakar","Non",1,"Rarement",7315,3,2,"Oui","Livraison rapide","Email",2,5,3,1,10111,"Ajouter plus de fonctionnalités."
133,"Homme",22,"Fann-Point E-Amitié","Oui",1,"Souvent",16164,2,1,"Oui","Interface simple","Email",4,3,1,1,11557,"Ajouter plus de fonctionnalités."
134,"Homme",21,"Yoff","Oui",2,"Parfois",12701,2,1,"Oui","Prix bas","SMS",1,1,5,3,12432,"Offrir un essai gratuit."
135,"Homme",24,"Yoff","Non",5,"Jamais",13281,1,1,"Oui","Prix bas","SMS",2,1,1,3,8694,"Améliorer la qualité du service."
136,"Homme",25,"Grand Dakar","Oui",1,"Souvent",16570,5,5,"Oui","Livraison rapide","Email",4,5,1,1,15661,"Ajouter plus de fonctionnalités."
137,"Homme",19,"Gueule Tapée-Fass-Colobane","Oui",5,"Parfois",11458,3,3,"Oui","Offre personnalisée","Bouche-à-oreille",2,1,3,2,14167,"Ajouter plus de fonctionnalités."
138,"Homme",21,"Gueule Tapée-Fass-Colobane","Oui",5,"Parfois",14631,3,4,"Non","Offre personnalisée","Bouche-à-oreille",2,2,3,4,6069,"Ajouter plus de fonctionnalités."
139,"Homme",20,"Ouakam","Non",5,"Parfois",12123,3,3,"Oui","Sécurité","Affichage campus",3,1,5,4,10039,"Rendre les prix plus abordables."
140,"Femme",21,"Fann-Point E-Amitié","Oui",5,"Très souvent",21156,3,2,"Oui","Livraison rapide","Affichage campus",2,1,5,2,14010,"Bonne initiative pour les étudiants."
141,"Femme",18,"Mermoz-Sacré-Cœur","Non",3,"Rarement",12208,3,3,"Oui","Offre personnalisée","Affichage campus",1,2,3,5,12517,"Améliorer la qualité du service."
142,"Femme",23,"Hann Bel-Air","Oui",1,"Parfois",14305,5,5,"Non","Sécurité","Email",5,5,5,5,10070,"Bonne initiative pour les étudiants."
143,"Femme",22,"Dakar-Plateau","Oui",2,"Souvent",16631,4,3,"Non","Offre personnalisée","Email",4,1,5,1,11815,"Améliorer la qualité du service."
144,"Femme",27,"Hann Bel-Air","Non",3,"Rarement",13090,3,2,"Oui","Prix bas","Affichage campus",2,5,1,4,12233,"Rendre les prix plus abordables."
145,"Homme",24,"Ouakam","Oui",4,"Souvent",27836,3,3,"Oui","Offre personnalisée","Email",1,2,5,1,21491,"Améliorer la qualité du service."
146,"Femme",23,"Hann Bel-Air","Oui",4,"Parfois",7684,3,3,"Oui","Livraison rapide","Bouche-à-oreille",1,3,2,2,7253,"Ajouter plus de fonctionnalités."
147,"Femme",24,"Parcelles Assainies","Non",2,"Jamais",7533,2,1,"Oui","Prix bas","Affichage campus",4,3,3,5,9205,"Offrir un essai gratuit."
148,"Femme",24,"Ouakam","Oui",1,"Très souvent",12189,3,2,"Oui","Prix bas","Affichage campus",5,5,2,2,9886,"Rendre les prix plus abordables."
149,"Femme",23,"Ngor","Non",2,"Rarement",14915,3,3,"Non","Sécurité","Réseaux sociaux",4,5,5,5,9394,"Rendre les prix plus abordables."
150,"Homme",26,"Grand Dakar","Non",1,"Parfois",16390,5,5,"Non","Livraison rapide","Email",5,2,1,5,8538,"Offrir un essai gratuit."
151,"Homme",21,"Gueule Tapée-Fass-Colobane","Non",1,"Parfois",7438,2,2,"Oui","Interface simple","Affichage campus",1,3,1,2,6877,"Bonne initiative pour les étudiants."
152,"Femme",24,"Dakar-Plateau","Oui",3,"Parfois",24337,4,5,"Oui","Offre personnalisée","Email",2,5,2,2,21154,"Améliorer la qualité du service."
153,"Femme",25,"Grand Dakar","Oui",4,"Parfois",18028,2,2,"Non","Interface simple","Bouche-à-oreille",1,5,1,4,12154,"Rendre les prix plus abordables."
154,"Femme",26,"Fann-Point E-Amitié","Oui",1,"Très souvent",26574,4,4,"Non","Offre personnalisée","Affichage campus",2,3,3,3,13673,"Améliorer la qualité du service."
155,"Femme",24,"Dakar-Plateau","Oui",1,"Souvent",20294,2,3,"Oui","Livraison rapide","Affichage campus",3,2,1,5,15101,"Rendre les prix plus abordables."
156,"Femme",23,"Parcelles Assainies","Oui",3,"Très souvent",11939,5,5,"Oui","Sécurité","Email",4,1,1,4,10033,"Rendre les prix plus abordables."
157,"Homme",29,"Grand Dakar","Oui",3,"Très souvent",13986,3,3,"Oui","Livraison rapide","Bouche-à-oreille",3,4,2,5,12748,"Offrir un essai gratuit."
158,"Femme",18,"Fann-Point E-Amitié","Oui",1,"Souvent",18092,4,3,"Oui","Sécurité","Email",2,1,4,1,13542,"Ajouter plus de fonctionnalités."
159,"Femme",20,"Patte d'Oie","Non",2,"Rarement",11837,4,4,"Oui","Livraison rapide","Réseaux sociaux",5,5,5,4,16167,"Bonne initiative pour les étudiants."
160,"Femme",21,"Gueule Tapée-Fass-Colobane","Non",4,"Parfois",12392,3,2,"Oui","Interface simple","Bouche-à-oreille",4,5,1,5,12005,"Ajouter plus de fonctionnalités."
161,"Femme",23,"Ngor","Oui",5,"Très souvent",19930,4,3,"Oui","Sécurité","Réseaux sociaux",4,5,4,1,18136,"Rendre les prix plus abordables."
162,"Femme",21,"Dakar-Plateau","Oui",4,"Parfois",18684,4,3,"Oui","Sécurité","Affichage campus",3,4,5,5,15023,"Améliorer la qualité du service."
163,"Homme",24,"Yoff","Oui",5,"Parfois",16462,5,5,"Oui","Sécurité","SMS",4,3,5,5,16980,"Bonne initiative pour les étudiants."
164,"Femme",21,"Fann-Point E-Amitié","Non",4,"Parfois",13747,5,5,"Non","Offre personnalisée","Bouche-à-oreille",4,5,1,5,12090,"Rendre les prix plus abordables."
165,"Femme",22,"Ouakam","Oui",2,"Souvent",11843,3,4,"Oui","Sécurité","Bouche-à-oreille",5,4,4,2,8563,"Rendre les prix plus abordables."
166,"Homme",24,"Patte d'Oie","Oui",5,"Souvent",18364,2,2,"Oui","Prix bas","Réseaux sociaux",4,3,4,5,15076,"Rendre les prix plus abordables."
167,"Homme",19,"Hann Bel-Air","Non",2,"Parfois",14321,4,4,"Non","Sécurité","Bouche-à-oreille",2,3,5,5,10764,"Bonne initiative pour les étudiants."
168,"Femme",23,"Patte d'Oie","Non",1,"Rarement",12648,3,4,"Oui","Offre personnalisée","Réseaux sociaux",1,3,5,3,14618,"Améliorer la qualité du service."
169,"Femme",21,"Gueule Tapée-Fass-Colobane","Non",5,"Rarement",10541,4,5,"Oui","Livraison rapide","Bouche-à-oreille",4,4,4,2,13365,"Rendre les prix plus abordables."
170,"Femme",28,"Yoff","Oui",3,"Parfois",25910,3,3,"Non","Offre personnalisée","Réseaux sociaux",4,3,2,3,13475,"Bonne initiative pour les étudiants."
171,"Homme",24,"Fann-Point E-Amitié","Non",3,"Jamais",9536,2,3,"Oui","Sécurité","Bouche-à-oreille",3,3,4,5,9622,"Offrir un essai gratuit."
172,"Femme",23,"Parcelles Assainies","Oui",2,"Souvent",15020,5,5,"Oui","Livraison rapide","Email",3,4,2,1,10607,"Ajouter plus de fonctionnalités."
173,"Homme",24,"Gueule Tapée-Fass-Colobane","Oui",4,"Souvent",19187,4,4,"Oui","Offre personnalisée","Bouche-à-oreille",5,2,4,1,13342,"Offrir un essai gratuit."
174,"Homme",23,"Mermoz-Sacré-Cœur","Non",4,"Rarement",9424,3,1,"Oui","Prix bas","Email",1,2,3,1,8617,"Offrir un essai gratuit."
175,"Homme",22,"Gueule Tapée-Fass-Colobane","Non",4,"Rarement",10410,3,2,"Non","Prix bas","Email",2,3,1,3,3925,"Rendre les prix plus abordables."
176,"Homme",26,"Gueule Tapée-Fass-Colobane","Oui",1,"Très souvent",16767,4,4,"Oui","Sécurité","Email",5,3,3,1,13347,"Rendre les prix plus abordables."
177,"Femme",19,"Fann-Point E-Amitié","Oui",2,"Souvent",18110,3,2,"Oui","Prix bas","Bouche-à-oreille",1,3,3,1,14679,"Bonne initiative pour les étudiants."
178,"Homme",25,"Mermoz-Sacré-Cœur","Oui",4,"Parfois",13564,3,2,"Oui","Livraison rapide","Affichage campus",3,1,3,1,12708,"Améliorer la qualité du service."
179,"Homme",22,"Mermoz-Sacré-Cœur","Non",2,"Jamais",11641,1,1,"Oui","Livraison rapide","Affichage campus",1,4,5,3,9638,"Ajouter plus de fonctionnalités."
180,"Homme",22,"Ngor","Non",2,"Jamais",9788,3,4,"Oui","Sécurité","SMS",1,5,5,5,14227,"Offrir un essai gratuit."
181,"Homme",21,"Ngor","Non",5,"Jamais",14038,1,1,"Oui","Livraison rapide","SMS",5,4,1,4,11292,"Bonne initiative pour les étudiants."
182,"Femme",21,"Gueule Tapée-Fass-Colobane","Oui",3,"Souvent",16694,3,3,"Oui","Sécurité","Bouche-à-oreille",4,5,5,3,13293,"Ajouter plus de fonctionnalités."
183,"Homme",20,"Grand Dakar","Non",2,"Rarement",12448,2,2,"Oui","Interface simple","Email",4,1,3,2,11402,"Offrir un essai gratuit."
184,"Femme",18,"Ouakam","Oui",4,"Parfois",23547,4,5,"Non","Sécurité","Bouche-à-oreille",3,3,2,3,12657,"Améliorer la qualité du service."
185,"Homme",19,"Ouakam","Oui",4,"Très souvent",12557,4,4,"Oui","Sécurité","Email",1,4,5,4,12500,"Offrir un essai gratuit."
186,"Femme",22,"Parcelles Assainies","Non",5,"Rarement",12163,3,3,"Non","Livraison rapide","Bouche-à-oreille",5,5,1,5,4920,"Offrir un essai gratuit."
187,"Femme",23,"Ouakam","Oui",5,"Très souvent",13907,4,4,"Non","Livraison rapide","Email",5,2,1,4,8717,"Améliorer la qualité du service."
188,"Homme",25,"Ouakam","Oui",2,"Souvent",17699,5,5,"Oui","Offre personnalisée","Affichage campus",1,1,5,5,19537,"Améliorer la qualité du service."
189,"Homme",22,"Gueule Tapée-Fass-Colobane","Non",1,"Parfois",13447,3,4,"Oui","Offre personnalisée","Email",2,5,5,1,13026,"Rendre les prix plus abordables."
190,"Homme",25,"Yoff","Oui",5,"Parfois",14382,4,4,"Oui","Offre personnalisée","SMS",1,4,3,5,13043,"Offrir un essai gratuit."
191,"Femme",22,"Dakar-Plateau","Oui",3,"Très souvent",19927,5,5,"Oui","Sécurité","Bouche-à-oreille",5,5,3,1,20174,"Ajouter plus de fonctionnalités."
192,"Femme",24,"Fann-Point E-Amitié","Non",5,"Jamais",12597,1,1,"Oui","Prix bas","Bouche-à-oreille",1,3,4,2,8727,"Ajouter plus de fonctionnalités."
193,"Homme",26,"Dakar-Plateau","Non",3,"Parfois",12247,3,5,"Non","Offre personnalisée","Affichage campus",1,4,4,4,7298,"Rendre les prix plus abordables."
194,"Homme",25,"Patte d'Oie","Non",2,"Jamais",13421,2,2,"Oui","Livraison rapide","Réseaux sociaux",1,5,3,5,12162,"Améliorer la qualité du service."
195,"Homme",23,"Parcelles Assainies","Oui",3,"Souvent",9626,3,2,"Oui","Prix bas","Affichage campus",1,5,4,1,10489,"Améliorer la qualité du service."
196,"Femme",21,"Dakar-Plateau","Oui",1,"Parfois",12709,3,2,"Oui","Prix bas","Email",2,4,1,3,9224,"Rendre les prix plus abordables."
197,"Femme",26,"Fann-Point E-Amitié","Oui",4,"Parfois",16081,2,1,"Non","Livraison rapide","Bouche-à-oreille",4,2,2,2,5748,"Bonne initiative pour les étudiants."
198,"Homme",24,"Hann Bel-Air","Oui",2,"Très souvent",19487,4,5,"Oui","Livraison rapide","Bouche-à-oreille",3,3,4,1,16461,"Rendre les prix plus abordables."
199,"Femme",28,"Fann-Point E-Amitié","Oui",3,"Souvent",20350,2,3,"Oui","Sécurité","Affichage campus",4,5,2,5,13760,"Bonne initiative pour les étudiants."
200,"Homme",23,"Ngor","Oui",4,"Très souvent",15788,4,4,"Non","Livraison rapide","SMS",2,4,2,1,12468,"Rendre les prix plus abordables."
201,"Femme",18,"Gueule Tapée-Fass-Colobane","Oui",2,"Parfois",16394,2,2,"Oui","Livraison rapide","Bouche-à-oreille",4,5,5,2,13993,"Ajouter plus de fonctionnalités."
202,"Homme",25,"Parcelles Assainies","Oui",4,"Souvent",16349,4,4,"Non","Livraison rapide","Bouche-à-oreille",3,2,2,3,3564,"Bonne initiative pour les étudiants."
203,"Homme",24,"Patte d'Oie","Oui",1,"Parfois",17231,1,1,"Oui","Prix bas","SMS",2,2,3,3,11338,"Offrir un essai gratuit."
204,"Femme",19,"Dakar-Plateau","Oui",5,"Souvent",23149,4,3,"Non","Offre personnalisée","Affichage campus",5,2,4,2,11775,"Ajouter plus de fonctionnalités."
205,"Femme",20,"Patte d'Oie","Oui",2,"Souvent",14093,3,2,"Oui","Interface simple","SMS",1,5,2,3,11463,"Rendre les prix plus abordables."
206,"Homme",27,"Ngor","Non",4,"Jamais",7464,3,3,"Non","Offre personnalisée","Réseaux sociaux",2,5,2,3,9005,"Ajouter plus de fonctionnalités."
207,"Femme",22,"Patte d'Oie","Oui",2,"Souvent",17315,2,2,"Oui","Livraison rapide","SMS",3,2,1,3,14741,"Ajouter plus de fonctionnalités."
208,"Femme",21,"Parcelles Assainies","Oui",2,"Parfois",11647,2,2,"Oui","Livraison rapide","Email",4,2,3,4,13092,"Ajouter plus de fonctionnalités."
209,"Femme",25,"Dakar-Plateau","Oui",1,"Souvent",13316,4,5,"Non","Livraison rapide","Bouche-à-oreille",1,3,2,1,10197,"Bonne initiative pour les étudiants."
210,"Femme",24,"Mermoz-Sacré-Cœur","Non",1,"Jamais",8115,3,4,"Oui","Offre personnalisée","Bouche-à-oreille",5,3,4,1,10237,"Rendre les prix plus abordables."
211,"Femme",20,"Parcelles Assainies","Oui",3,"Souvent",18708,4,2,"Oui","Interface simple","Affichage campus",5,2,4,3,14866,"Ajouter plus de fonctionnalités."
212,"Femme",30,"Gueule Tapée-Fass-Colobane","Oui",4,"Très souvent",21560,4,4,"Non","Sécurité","Email",4,4,4,3,13578,"Rendre les prix plus abordables."
213,"Femme",21,"Patte d'Oie","Oui",3,"Parfois",15137,1,1,"Oui","Livraison rapide","Réseaux sociaux",3,2,1,5,11735,"Améliorer la qualité du service."
214,"Homme",21,"Patte d'Oie","Oui",2,"Souvent",22816,4,4,"Non","Offre personnalisée","Réseaux sociaux",2,4,2,3,13242,"Améliorer la qualité du service."
215,"Femme",22,"Dakar-Plateau","Non",4,"Parfois",9294,3,2,"Oui","Livraison rapide","Bouche-à-oreille",5,2,4,5,5668,"Bonne initiative pour les étudiants."
216,"Homme",23,"Ngor","Non",3,"Parfois",9894,1,1,"Oui","Prix bas","SMS",5,4,1,3,7705,"Améliorer la qualité du service."
217,"Femme",23,"Gueule Tapée-Fass-Colobane","Oui",1,"Très souvent",9216,4,3,"Oui","Sécurité","Affichage campus",1,4,4,4,4091,"Rendre les prix plus abordables."
218,"Femme",25,"Ouakam","Oui",3,"Souvent",21416,4,4,"Oui","Offre personnalisée","Affichage campus",3,5,2,1,19769,"Bonne initiative pour les étudiants."
219,"Homme",18,"Dakar-Plateau","Oui",4,"Souvent",18219,4,3,"Oui","Offre personnalisée","Affichage campus",2,2,4,4,13498,"Offrir un essai gratuit."
220,"Homme",24,"Ngor","Non",1,"Rarement",12058,2,5,"Oui","Livraison rapide","SMS",3,1,4,1,15623,"Améliorer la qualité du service."
221,"Femme",23,"Ouakam","Oui",3,"Parfois",15826,4,3,"Non","Livraison rapide","Email",2,1,1,3,9776,"Ajouter plus de fonctionnalités."
222,"Homme",21,"Dakar-Plateau","Non",2,"Parfois",8795,3,3,"Oui","Livraison rapide","Bouche-à-oreille",1,4,3,5,8997,"Bonne initiative pour les étudiants."
223,"Homme",21,"Parcelles Assainies","Oui",2,"Parfois",21805,3,2,"Oui","Livraison rapide","Bouche-à-oreille",3,5,4,5,13234,"Améliorer la qualité du service."
224,"Homme",28,"Grand Dakar","Oui",4,"Souvent",12985,4,4,"Oui","Livraison rapide","Bouche-à-oreille",5,2,1,2,12917,"Bonne initiative pour les étudiants."
225,"Femme",27,"Patte d'Oie","Oui",5,"Parfois",11436,3,5,"Oui","Offre personnalisée","Réseaux sociaux",1,2,5,2,14205,"Bonne initiative pour les étudiants."
226,"Femme",22,"Ouakam","Oui",5,"Souvent",21341,3,3,"Oui","Livraison rapide","Email",3,1,3,5,16977,"Rendre les prix plus abordables."
227,"Femme",20,"Ouakam","Non",5,"Rarement",11733,3,3,"Oui","Sécurité","Affichage campus",4,3,1,3,10477,"Ajouter plus de fonctionnalités."
228,"Homme",26,"Patte d'Oie","Oui",5,"Souvent",14956,5,4,"Non","Livraison rapide","Réseaux sociaux",3,1,1,3,10179,"Offrir un essai gratuit."
229,"Homme",20,"Parcelles Assainies","Non",4,"Parfois",9047,2,3,"Oui","Offre personnalisée","Bouche-à-oreille",4,3,2,5,6617,"Rendre les prix plus abordables."
230,"Homme",24,"Mermoz-Sacré-Cœur","Oui",4,"Très souvent",8907,4,4,"Non","Sécurité","Affichage campus",1,2,5,1,5062,"Améliorer la qualité du service."
231,"Homme",22,"Mermoz-Sacré-Cœur","Non",5,"Parfois",10592,4,3,"Oui","Livraison rapide","Email",4,1,5,2,9774,"Améliorer la qualité du service."
232,"Femme",21,"Mermoz-Sacré-Cœur","Oui",4,"Très souvent",18740,3,3,"Oui","Offre personnalisée","Email",1,1,5,5,15823,"Ajouter plus de fonctionnalités."
233,"Homme",27,"Patte d'Oie","Oui",1,"Très souvent",16708,2,2,"Oui","Livraison rapide","Réseaux sociaux",2,4,2,5,16035,"Rendre les prix plus abordables."
234,"Femme",24,"Ouakam","Oui",1,"Très souvent",11872,4,4,"Oui","Sécurité","Affichage campus",3,4,4,2,15833,"Offrir un essai gratuit."
235,"Femme",21,"Mermoz-Sacré-Cœur","Oui",2,"Souvent",21061,5,4,"Oui","Sécurité","Email",1,1,1,5,21858,"Rendre les prix plus abordables."
236,"Femme",22,"Ngor","Oui",4,"Très souvent",21652,3,3,"Oui","Livraison rapide","Réseaux sociaux",2,1,5,2,17664,"Rendre les prix plus abordables."
237,"Femme",22,"Hann Bel-Air","Oui",2,"Parfois",13240,3,4,"Oui","Livraison rapide","Affichage campus",3,2,4,2,18876,"Améliorer la qualité du service."
238,"Homme",18,"Mermoz-Sacré-Cœur","Oui",4,"Souvent",16258,4,5,"Non","Offre personnalisée","Email",2,2,1,4,11404,"Rendre les prix plus abordables."
239,"Femme",27,"Patte d'Oie","Oui",5,"Parfois",19922,3,3,"Oui","Sécurité","Réseaux sociaux",3,4,2,2,16242,"Offrir un essai gratuit."
240,"Homme",24,"Dakar-Plateau","Oui",5,"Souvent",20455,4,4,"Non","Offre personnalisée","Bouche-à-oreille",5,4,3,1,12963,"Améliorer la qualité du service."
241,"Homme",18,"Patte d'Oie","Non",3,"Parfois",12807,5,5,"Oui","Livraison rapide","Réseaux sociaux",3,2,1,3,15151,"Offrir un essai gratuit."
242,"Homme",25,"Parcelles Assainies","Oui",2,"Très souvent",13486,5,5,"Non","Offre personnalisée","Affichage campus",1,5,4,4,7530,"Offrir un essai gratuit."
243,"Femme",24,"Ouakam","Non",2,"Jamais",11643,3,3,"Oui","Offre personnalisée","Affichage campus",2,1,3,3,9201,"Bonne initiative pour les étudiants."
244,"Homme",26,"Ouakam","Oui",5,"Souvent",9336,4,4,"Non","Sécurité","Affichage campus",3,2,5,1,8505,"Ajouter plus de fonctionnalités."
245,"Femme",25,"Hann Bel-Air","Oui",1,"Souvent",13200,2,3,"Non","Offre personnalisée","Affichage campus",5,2,1,5,6532,"Rendre les prix plus abordables."
246,"Homme",26,"Gueule Tapée-Fass-Colobane","Oui",2,"Très souvent",20094,5,5,"Oui","Offre personnalisée","Bouche-à-oreille",3,1,1,3,13855,"Améliorer la qualité du service."
247,"Femme",24,"Patte d'Oie","Oui",2,"Souvent",10185,4,5,"Oui","Offre personnalisée","SMS",2,2,5,1,12952,"Améliorer la qualité du service."
248,"Homme",24,"Dakar-Plateau","Oui",3,"Parfois",12197,3,3,"Oui","Offre personnalisée","Bouche-à-oreille",2,3,1,4,11117,"Rendre les prix plus abordables."
249,"Homme",27,"Fann-Point E-Amitié","Oui",1,"Très souvent",16037,4,5,"Non","Sécurité","Affichage campus",1,4,2,2,9690,"Bonne initiative pour les étudiants."
250,"Homme",19,"Gueule Tapée-Fass-Colobane","Non",5,"Rarement",9951,1,1,"Oui","Livraison rapide","Affichage campus",2,3,1,5,7421,"Offrir un essai gratuit."
251,"Femme",18,"Mermoz-Sacré-Cœur","Oui",2,"Souvent",9984,4,4,"Oui","Livraison rapide","Email",1,1,4,5,11204,"Ajouter plus de fonctionnalités."
252,"Femme",20,"Hann Bel-Air","Oui",5,"Parfois",19038,4,4,"Non","Sécurité","Email",5,1,5,5,12598,"Bonne initiative pour les étudiants."
253,"Homme",25,"Mermoz-Sacré-Cœur","Oui",2,"Très souvent",12914,3,2,"Non","Interface simple","Bouche-à-oreille",5,1,4,2,4685,"Ajouter plus de fonctionnalités."
254,"Femme",22,"Mermoz-Sacré-Cœur","Oui",4,"Parfois",16368,1,2,"Oui","Prix bas","Bouche-à-oreille",4,1,1,5,14153,"Bonne initiative pour les étudiants."
255,"Homme",26,"Hann Bel-Air","Oui",3,"Parfois",16214,5,4,"Non","Offre personnalisée","Affichage campus",1,4,2,5,14845,"Rendre les prix plus abordables."
256,"Homme",22,"Dakar-Plateau","Oui",5,"Parfois",19787,2,3,"Oui","Livraison rapide","Email",5,2,2,4,12746,"Rendre les prix plus abordables."
257,"Femme",22,"Grand Dakar","Oui",4,"Très souvent",16736,5,4,"Non","Offre personnalisée","Email",2,5,3,4,10611,"Rendre les prix plus abordables."
258,"Femme",21,"Dakar-Plateau","Non",2,"Parfois",12000,4,3,"Oui","Livraison rapide","Affichage campus",1,1,1,5,8780,"Améliorer la qualité du service."
259,"Femme",28,"Ouakam","Oui",1,"Souvent",23619,5,5,"Non","Sécurité","Affichage campus",3,4,5,3,19223,"Bonne initiative pour les étudiants."
260,"Homme",25,"Mermoz-Sacré-Cœur","Oui",3,"Parfois",18488,3,3,"Oui","Sécurité","Bouche-à-oreille",1,1,3,5,15633,"Offrir un essai gratuit."
261,"Homme",26,"Dakar-Plateau","Non",4,"Jamais",12701,2,1,"Oui","Prix bas","Email",3,1,2,5,11159,"Rendre les prix plus abordables."
262,"Homme",25,"Yoff","Oui",2,"Parfois",18900,5,5,"Oui","Offre personnalisée","Réseaux sociaux",4,3,5,2,15808,"Ajouter plus de fonctionnalités."
263,"Homme",26,"Grand Dakar","Oui",3,"Souvent",19287,5,3,"Oui","Sécurité","Email",4,4,2,3,16789,"Offrir un essai gratuit."
264,"Homme",22,"Patte d'Oie","Non",5,"Parfois",9926,3,2,"Oui","Interface simple","SMS",5,2,3,3,12150,"Bonne initiative pour les étudiants."
265,"Femme",19,"Ouakam","Non",1,"Parfois",9261,3,2,"Oui","Livraison rapide","Bouche-à-oreille",4,5,2,2,7620,"Bonne initiative pour les étudiants."
266,"Homme",25,"Grand Dakar","Non",4,"Parfois",14125,4,4,"Non","Sécurité","Affichage campus",2,1,5,1,10073,"Bonne initiative pour les étudiants."
267,"Femme",24,"Ngor","Oui",2,"Très souvent",24879,3,3,"Non","Offre personnalisée","SMS",5,2,3,1,11735,"Ajouter plus de fonctionnalités."
268,"Femme",27,"Grand Dakar","Oui",3,"Très souvent",14880,4,4,"Non","Sécurité","Bouche-à-oreille",1,5,1,1,11274,"Rendre les prix plus abordables."
269,"Femme",22,"Gueule Tapée-Fass-Colobane","Oui",2,"Souvent",22164,3,3,"Oui","Sécurité","Email",2,5,2,4,16897,"Offrir un essai gratuit."
270,"Femme",28,"Grand Dakar","Oui",2,"Très souvent",14572,4,4,"Non","Offre personnalisée","Affichage campus",2,4,2,4,7762,"Bonne initiative pour les étudiants."
271,"Homme",29,"Dakar-Plateau","Non",1,"Parfois",7968,4,4,"Non","Sécurité","Bouche-à-oreille",5,1,3,4,7144,"Bonne initiative pour les étudiants."
272,"Femme",19,"Gueule Tapée-Fass-Colobane","Oui",2,"Très souvent",14335,3,2,"Oui","Livraison rapide","Email",3,2,3,3,12716,"Ajouter plus de fonctionnalités."
273,"Femme",20,"Patte d'Oie","Non",5,"Jamais",16143,3,1,"Oui","Interface simple","Réseaux sociaux",3,2,4,5,10970,"Bonne initiative pour les étudiants."
274,"Femme",24,"Ngor","Oui",3,"Très souvent",21146,5,4,"Oui","Offre personnalisée","Réseaux sociaux",5,3,2,5,13013,"Rendre les prix plus abordables."
275,"Homme",24,"Fann-Point E-Amitié","Non",5,"Jamais",12757,3,1,"Oui","Interface simple","Affichage campus",4,1,5,3,10010,"Bonne initiative pour les étudiants."
276,"Homme",25,"Dakar-Plateau","Non",1,"Jamais",12829,4,5,"Oui","Livraison rapide","Email",3,1,4,3,14183,"Bonne initiative pour les étudiants."
277,"Homme",23,"Hann Bel-Air","Non",1,"Jamais",14581,1,2,"Oui","Prix bas","Affichage campus",1,3,2,5,13824,"Rendre les prix plus abordables."
278,"Femme",24,"Ouakam","Oui",2,"Parfois",17967,3,2,"Oui","Livraison rapide","Affichage campus",3,2,2,4,11138,"Bonne initiative pour les étudiants."
279,"Femme",23,"Dakar-Plateau","Oui",5,"Souvent",25219,5,4,"Oui","Sécurité","Bouche-à-oreille",1,3,5,1,20196,"Améliorer la qualité du service."
280,"Homme",20,"Ngor","Oui",4,"Parfois",11270,3,2,"Oui","Interface simple","Réseaux sociaux",2,4,1,5,10934,"Bonne initiative pour les étudiants."
281,"Homme",25,"Patte d'Oie","Non",2,"Jamais",17231,1,2,"Oui","Livraison rapide","SMS",1,5,3,3,15653,"Rendre les prix plus abordables."
282,"Femme",18,"Ngor","Oui",4,"Souvent",11883,3,3,"Oui","Offre personnalisée","Réseaux sociaux",3,3,1,3,13039,"Bonne initiative pour les étudiants."
283,"Femme",24,"Parcelles Assainies","Oui",4,"Parfois",20843,4,4,"Non","Sécurité","Affichage campus",4,4,1,4,12265,"Bonne initiative pour les étudiants."
284,"Femme",25,"Dakar-Plateau","Oui",4,"Très souvent",16017,5,5,"Non","Offre personnalisée","Email",1,5,2,1,7644,"Offrir un essai gratuit."
285,"Femme",24,"Ngor","Oui",1,"Parfois",16480,2,2,"Non","Livraison rapide","Réseaux sociaux",3,1,5,4,5405,"Améliorer la qualité du service."
286,"Femme",21,"Dakar-Plateau","Oui",3,"Parfois",24133,3,3,"Non","Offre personnalisée","Affichage campus",2,4,4,4,13635,"Rendre les prix plus abordables."
287,"Femme",25,"Ngor","Oui",2,"Très souvent",14684,2,1,"Oui","Livraison rapide","SMS",5,4,3,3,11934,"Offrir un essai gratuit."
288,"Femme",24,"Ngor","Oui",4,"Souvent",25091,4,4,"Oui","Offre personnalisée","SMS",4,3,4,4,18742,"Rendre les prix plus abordables."
289,"Femme",23,"Ouakam","Oui",1,"Souvent",11362,3,3,"Oui","Offre personnalisée","Affichage campus",5,4,2,1,12165,"Améliorer la qualité du service."
290,"Homme",29,"Hann Bel-Air","Non",3,"Jamais",5640,2,1,"Oui","Interface simple","Bouche-à-oreille",5,4,1,4,7232,"Bonne initiative pour les étudiants."
291,"Femme",18,"Grand Dakar","Oui",2,"Souvent",18292,5,4,"Non","Offre personnalisée","Bouche-à-oreille",1,5,1,2,8781,"Offrir un essai gratuit."
292,"Femme",20,"Hann Bel-Air","Oui",5,"Souvent",15446,2,3,"Oui","Offre personnalisée","Email",1,4,2,4,12271,"Ajouter plus de fonctionnalités."
293,"Femme",21,"Gueule Tapée-Fass-Colobane","Oui",2,"Parfois",16309,3,2,"Oui","Interface simple","Affichage campus",1,3,3,1,12068,"Rendre les prix plus abordables."
294,"Homme",22,"Grand Dakar","Non",2,"Rarement",10583,4,4,"Non","Livraison rapide","Email",1,3,5,2,9236,"Bonne initiative pour les étudiants."
295,"Homme",20,"Ouakam","Non",5,"Jamais",16830,1,2,"Oui","Prix bas","Bouche-à-oreille",1,3,5,4,14658,"Ajouter plus de fonctionnalités."
296,"Homme",22,"Yoff","Oui",4,"Souvent",10286,3,3,"Non","Livraison rapide","Réseaux sociaux",3,5,3,4,6306,"Rendre les prix plus abordables."
297,"Homme",24,"Fann-Point E-Amitié","Oui",5,"Très souvent",30684,4,5,"Oui","Livraison rapide","Email",2,2,2,2,20136,"Offrir un essai gratuit."
298,"Femme",25,"Ngor","Oui",3,"Parfois",27312,4,4,"Oui","Livraison rapide","SMS",4,2,3,1,15265,"Offrir un essai gratuit."
299,"Femme",18,"Hann Bel-Air","Non",4,"Jamais",12889,2,2,"Oui","Interface simple","Bouche-à-oreille",4,2,1,5,12348,"Rendre les prix plus abordables."
300,"Homme",25,"Yoff","Oui",5,"Souvent",16742,2,1,"Oui","Interface simple","Réseaux sociaux",2,2,5,5,9777,"Ajouter plus de fonctionnalités."
301,"Homme",22,"Grand Dakar","Oui",3,"Parfois",14346,3,3,"Oui","Sécurité","Email",1,4,1,3,11226,"Bonne initiative pour les étudiants."
302,"Femme",20,"Gueule Tapée-Fass-Colobane","Oui",3,"Souvent",16628,1,1,"Oui","Livraison rapide","Affichage campus",3,1,2,2,8646,"Bonne initiative pour les étudiants."
303,"Homme",24,"Grand Dakar","Oui",2,"Parfois",19959,2,2,"Oui","Prix bas","Bouche-à-oreille",5,2,1,1,15086,"Offrir un essai gratuit."
304,"Homme",24,"Ngor","Non",4,"Rarement",13569,4,5,"Oui","Sécurité","SMS",3,4,5,1,11278,"Rendre les prix plus abordables."
305,"Homme",25,"Ngor","Oui",2,"Très souvent",17768,4,4,"Oui","Sécurité","SMS",2,2,3,1,10899,"Bonne initiative pour les étudiants."
306,"Femme",24,"Parcelles Assainies","Oui",4,"Souvent",22915,1,1,"Non","Livraison rapide","Email",4,4,5,1,9463,"Offrir un essai gratuit."
307,"Femme",22,"Mermoz-Sacré-Cœur","Oui",1,"Très souvent",8185,5,5,"Oui","Livraison rapide","Bouche-à-oreille",5,3,4,1,8469,"Rendre les prix plus abordables."
308,"Femme",22,"Ngor","Oui",3,"Souvent",15034,1,1,"Oui","Livraison rapide","Réseaux sociaux",5,2,4,2,13041,"Ajouter plus de fonctionnalités."
309,"Femme",19,"Dakar-Plateau","Oui",2,"Souvent",17578,3,3,"Oui","Sécurité","Affichage campus",4,3,3,5,18617,"Améliorer la qualité du service."
310,"Femme",22,"Mermoz-Sacré-Cœur","Non",3,"Rarement",7656,3,3,"Oui","Offre personnalisée","Affichage campus",5,1,4,2,9008,"Rendre les prix plus abordables."
311,"Femme",21,"Ngor","Oui",4,"Très souvent",21244,3,3,"Oui","Sécurité","SMS",4,4,3,2,19076,"Améliorer la qualité du service."
312,"Femme",23,"Hann Bel-Air","Non",4,"Rarement",10755,4,4,"Oui","Livraison rapide","Email",4,3,4,4,8158,"Bonne initiative pour les étudiants."
313,"Homme",23,"Yoff","Oui",2,"Très souvent",15283,5,5,"Oui","Offre personnalisée","Réseaux sociaux",4,1,1,1,14601,"Rendre les prix plus abordables."
314,"Femme",21,"Patte d'Oie","Oui",5,"Parfois",21756,2,2,"Oui","Interface simple","Réseaux sociaux",1,2,1,4,11823,"Bonne initiative pour les étudiants."
315,"Femme",19,"Yoff","Oui",2,"Parfois",20337,4,3,"Oui","Offre personnalisée","SMS",2,3,4,1,16612,"Offrir un essai gratuit."
316,"Homme",25,"Patte d'Oie","Oui",4,"Souvent",16399,4,5,"Non","Offre personnalisée","SMS",4,3,2,2,9800,"Bonne initiative pour les étudiants."
317,"Homme",23,"Ouakam","Non",5,"Parfois",6780,4,3,"Oui","Livraison rapide","Bouche-à-oreille",4,5,2,4,11457,"Bonne initiative pour les étudiants."
318,"Femme",21,"Dakar-Plateau","Oui",3,"Très souvent",11207,5,5,"Oui","Livraison rapide","Bouche-à-oreille",4,1,3,4,12875,"Bonne initiative pour les étudiants."
319,"Femme",24,"Gueule Tapée-Fass-Colobane","Non",2,"Rarement",10168,1,1,"Oui","Interface simple","Email",2,1,1,5,12340,"Rendre les prix plus abordables."
320,"Homme",26,"Parcelles Assainies","Non",5,"Jamais",12291,1,2,"Non","Prix bas","Affichage campus",1,3,3,4,9245,"Offrir un essai gratuit."
321,"Homme",27,"Dakar-Plateau","Oui",5,"Souvent",16850,5,5,"Non","Livraison rapide","Bouche-à-oreille",3,5,5,2,13962,"Bonne initiative pour les étudiants."
322,"Femme",23,"Parcelles Assainies","Oui",3,"Souvent",20654,4,5,"Oui","Sécurité","Affichage campus",4,3,1,5,19055,"Ajouter plus de fonctionnalités."
323,"Femme",26,"Yoff","Oui",1,"Parfois",16262,3,3,"Oui","Livraison rapide","SMS",3,3,5,5,15216,"Rendre les prix plus abordables."
324,"Homme",18,"Gueule Tapée-Fass-Colobane","Non",5,"Jamais",7503,1,2,"Oui","Prix bas","Email",2,1,5,2,9696,"Rendre les prix plus abordables."
325,"Femme",28,"Dakar-Plateau","Oui",4,"Souvent",16789,5,3,"Oui","Offre personnalisée","Affichage campus",5,4,3,1,13949,"Offrir un essai gratuit."
326,"Femme",23,"Parcelles Assainies","Non",3,"Jamais",10298,4,4,"Oui","Sécurité","Bouche-à-oreille",5,4,4,1,14491,"Offrir un essai gratuit."
327,"Homme",22,"Patte d'Oie","Non",3,"Parfois",10148,5,5,"Oui","Livraison rapide","Réseaux sociaux",4,3,5,5,15284,"Bonne initiative pour les étudiants."
328,"Femme",20,"Parcelles Assainies","Oui",5,"Parfois",10164,1,1,"Non","Livraison rapide","Email",1,4,4,1,6573,"Améliorer la qualité du service."
329,"Femme",22,"Yoff","Oui",2,"Souvent",20594,2,2,"Oui","Prix bas","SMS",2,5,4,4,16159,"Offrir un essai gratuit."
330,"Homme",21,"Grand Dakar","Non",1,"Rarement",4044,3,4,"Oui","Sécurité","Bouche-à-oreille",1,4,1,1,10474,"Bonne initiative pour les étudiants."
331,"Homme",24,"Patte d'Oie","Oui",5,"Très souvent",22854,5,5,"Non","Offre personnalisée","Réseaux sociaux",5,3,4,4,11051,"Ajouter plus de fonctionnalités."
332,"Femme",23,"Dakar-Plateau","Oui",3,"Souvent",17498,3,4,"Oui","Offre personnalisée","Affichage campus",5,1,4,4,14058,"Améliorer la qualité du service."
333,"Homme",22,"Parcelles Assainies","Non",5,"Rarement",12888,2,2,"Oui","Livraison rapide","Affichage campus",2,4,3,5,9801,"Améliorer la qualité du service."
334,"Homme",21,"Dakar-Plateau","Oui",3,"Parfois",18401,3,4,"Non","Offre personnalisée","Affichage campus",5,4,5,5,12731,"Ajouter plus de fonctionnalités."
335,"Femme",20,"Ngor","Oui",3,"Souvent",15604,3,2,"Oui","Livraison rapide","SMS",5,1,1,1,8400,"Bonne initiative pour les étudiants."
336,"Femme",21,"Fann-Point E-Amitié","Oui",2,"Très souvent",19902,5,5,"Oui","Offre personnalisée","Email",4,3,1,1,17985,"Améliorer la qualité du service."
337,"Homme",21,"Ouakam","Oui",4,"Souvent",15163,2,2,"Non","Prix bas","Affichage campus",3,4,4,5,9212,"Améliorer la qualité du service."
338,"Homme",27,"Hann Bel-Air","Oui",1,"Parfois",23739,4,4,"Oui","Sécurité","Affichage campus",2,5,1,4,18876,"Offrir un essai gratuit."
339,"Homme",23,"Gueule Tapée-Fass-Colobane","Oui",2,"Parfois",17586,1,1,"Oui","Interface simple","Affichage campus",2,2,3,4,8847,"Offrir un essai gratuit."
340,"Homme",24,"Hann Bel-Air","Non",4,"Jamais",8223,2,2,"Non","Prix bas","Bouche-à-oreille",1,5,2,1,7451,"Bonne initiative pour les étudiants."
341,"Femme",23,"Mermoz-Sacré-Cœur","Oui",4,"Souvent",15111,5,5,"Oui","Sécurité","Affichage campus",3,5,4,4,11302,"Améliorer la qualité du service."
342,"Femme",20,"Parcelles Assainies","Oui",2,"Souvent",10471,5,5,"Oui","Offre personnalisée","Affichage campus",5,2,5,2,10793,"Rendre les prix plus abordables."
343,"Homme",26,"Ngor","Non",3,"Rarement",6108,1,2,"Oui","Livraison rapide","SMS",5,2,5,5,7125,"Offrir un essai gratuit."
344,"Femme",21,"Grand Dakar","Oui",4,"Souvent",17237,2,2,"Oui","Prix bas","Email",3,1,5,5,10792,"Offrir un essai gratuit."
345,"Femme",19,"Ouakam","Oui",5,"Parfois",19591,3,3,"Oui","Sécurité","Bouche-à-oreille",5,3,5,2,13511,"Offrir un essai gratuit."
346,"Femme",27,"Dakar-Plateau","Oui",3,"Souvent",13954,3,3,"Non","Sécurité","Affichage campus",3,2,4,1,9579,"Rendre les prix plus abordables."
347,"Homme",29,"Dakar-Plateau","Non",4,"Rarement",10212,3,1,"Non","Interface simple","Affichage campus",2,2,5,1,2038,"Rendre les prix plus abordables."
348,"Femme",19,"Fann-Point E-Amitié","Oui",4,"Parfois",14592,2,2,"Non","Prix bas","Affichage campus",4,1,4,5,7481,"Ajouter plus de fonctionnalités."
349,"Femme",24,"Hann Bel-Air","Oui",5,"Très souvent",10798,2,2,"Oui","Livraison rapide","Affichage campus",3,3,4,2,9706,"Ajouter plus de fonctionnalités."
350,"Homme",24,"Grand Dakar","Oui",3,"Parfois",19812,3,3,"Oui","Livraison rapide","Bouche-à-oreille",3,5,2,5,15923,"Ajouter plus de fonctionnalités."
351,"Femme",22,"Patte d'Oie","Non",5,"Rarement",10985,1,1,"Non","Livraison rapide","SMS",2,1,4,1,3117,"Bonne initiative pour les étudiants."
352,"Homme",21,"Dakar-Plateau","Oui",5,"Parfois",10619,4,5,"Non","Livraison rapide","Affichage campus",5,5,4,2,11184,"Améliorer la qualité du service."
353,"Femme",22,"Fann-Point E-Amitié","Oui",2,"Souvent",14504,3,5,"Non","Livraison rapide","Affichage campus",5,1,3,5,12199,"Offrir un essai gratuit."
354,"Femme",22,"Patte d'Oie","Oui",2,"Très souvent",21189,4,5,"Non","Sécurité","Réseaux sociaux",5,4,1,3,11610,"Bonne initiative pour les étudiants."
355,"Homme",22,"Grand Dakar","Non",4,"Rarement",11151,4,5,"Oui","Livraison rapide","Bouche-à-oreille",3,5,5,5,9461,"Offrir un essai gratuit."
356,"Homme",22,"Dakar-Plateau","Non",3,"Jamais",11305,4,4,"Non","Offre personnalisée","Email",3,4,4,1,6491,"Offrir un essai gratuit."
357,"Homme",19,"Fann-Point E-Amitié","Oui",1,"Souvent",18669,3,3,"Oui","Livraison rapide","Email",3,2,1,3,13798,"Bonne initiative pour les étudiants."
358,"Femme",18,"Mermoz-Sacré-Cœur","Oui",2,"Souvent",19507,4,5,"Non","Offre personnalisée","Email",4,2,1,2,12437,"Rendre les prix plus abordables."
359,"Femme",21,"Parcelles Assainies","Oui",3,"Souvent",21825,5,5,"Oui","Livraison rapide","Bouche-à-oreille",3,5,2,3,20452,"Bonne initiative pour les étudiants."
360,"Homme",28,"Parcelles Assainies","Non",5,"Parfois",11372,3,3,"Oui","Livraison rapide","Email",4,4,4,5,9951,"Ajouter plus de fonctionnalités."
361,"Femme",19,"Ouakam","Oui",2,"Parfois",11490,2,3,"Oui","Livraison rapide","Affichage campus",5,1,2,5,12934,"Offrir un essai gratuit."
362,"Femme",21,"Grand Dakar","Oui",1,"Parfois",15550,4,3,"Non","Livraison rapide","Affichage campus",1,4,5,4,9632,"Bonne initiative pour les étudiants."
363,"Homme",27,"Hann Bel-Air","Oui",5,"Très souvent",18209,2,1,"Oui","Prix bas","Bouche-à-oreille",4,2,5,2,11497,"Rendre les prix plus abordables."
364,"Femme",20,"Dakar-Plateau","Oui",3,"Très souvent",16564,4,5,"Oui","Sécurité","Affichage campus",4,3,2,1,14250,"Ajouter plus de fonctionnalités."
365,"Femme",21,"Mermoz-Sacré-Cœur","Oui",5,"Très souvent",8283,4,4,"Oui","Sécurité","Bouche-à-oreille",2,2,1,2,7685,"Ajouter plus de fonctionnalités."
366,"Homme",23,"Yoff","Non",2,"Rarement",13842,2,2,"Oui","Prix bas","Réseaux sociaux",5,2,4,4,8531,"Bonne initiative pour les étudiants."
367,"Femme",21,"Ngor","Oui",2,"Souvent",21058,1,2,"Oui","Livraison rapide","SMS",2,5,5,3,15206,"Rendre les prix plus abordables."
368,"Femme",24,"Patte d'Oie","Non",4,"Rarement",8907,2,2,"Oui","Livraison rapide","SMS",3,2,3,2,13111,"Améliorer la qualité du service."
369,"Femme",21,"Fann-Point E-Amitié","Oui",5,"Parfois",11110,4,3,"Non","Offre personnalisée","Bouche-à-oreille",4,5,3,5,8643,"Améliorer la qualité du service."
370,"Femme",21,"Yoff","Oui",1,"Souvent",17864,3,3,"Oui","Offre personnalisée","SMS",5,5,2,1,14435,"Bonne initiative pour les étudiants."
371,"Femme",23,"Gueule Tapée-Fass-Colobane","Oui",5,"Parfois",16365,2,1,"Non","Prix bas","Affichage campus",3,5,2,4,3142,"Offrir un essai gratuit."
372,"Femme",21,"Patte d'Oie","Oui",3,"Très souvent",19687,3,3,"Non","Offre personnalisée","Réseaux sociaux",3,5,1,3,12971,"Améliorer la qualité du service."
373,"Homme",21,"Fann-Point E-Amitié","Non",1,"Rarement",5739,2,2,"Oui","Prix bas","Affichage campus",4,2,4,5,8669,"Améliorer la qualité du service."
374,"Femme",24,"Dakar-Plateau","Oui",4,"Très souvent",10936,4,3,"Non","Offre personnalisée","Email",1,5,5,5,6383,"Rendre les prix plus abordables."
375,"Homme",28,"Ngor","Oui",1,"Très souvent",14980,5,5,"Oui","Sécurité","Réseaux sociaux",5,3,2,2,16634,"Bonne initiative pour les étudiants."
376,"Homme",27,"Ngor","Oui",1,"Très souvent",16445,5,4,"Non","Livraison rapide","Réseaux sociaux",2,5,1,2,12887,"Améliorer la qualité du service."
377,"Homme",24,"Mermoz-Sacré-Cœur","Non",2,"Rarement",10102,1,2,"Non","Prix bas","Affichage campus",2,3,4,4,5711,"Offrir un essai gratuit."
378,"Femme",27,"Ouakam","Oui",3,"Très souvent",16875,4,4,"Non","Livraison rapide","Email",5,3,3,1,11357,"Ajouter plus de fonctionnalités."
379,"Femme",22,"Ouakam","Oui",3,"Parfois",14627,3,2,"Non","Prix bas","Affichage campus",2,1,3,2,8879,"Offrir un essai gratuit."
380,"Homme",27,"Hann Bel-Air","Non",4,"Parfois",11381,3,3,"Oui","Sécurité","Email",1,1,4,5,12919,"Offrir un essai gratuit."
381,"Homme",24,"Parcelles Assainies","Oui",3,"Parfois",5328,2,2,"Oui","Interface simple","Email",2,5,4,2,9769,"Ajouter plus de fonctionnalités."
382,"Homme",29,"Ngor","Non",4,"Rarement",7626,3,3,"Oui","Sécurité","Réseaux sociaux",5,3,2,2,11885,"Améliorer la qualité du service."
383,"Femme",26,"Hann Bel-Air","Oui",1,"Très souvent",21032,3,3,"Non","Sécurité","Bouche-à-oreille",2,2,1,4,10967,"Rendre les prix plus abordables."
384,"Homme",25,"Yoff","Oui",3,"Parfois",19940,4,4,"Oui","Sécurité","Réseaux sociaux",5,4,5,5,17650,"Offrir un essai gratuit."
385,"Homme",21,"Gueule Tapée-Fass-Colobane","Oui",5,"Parfois",17587,2,2,"Oui","Interface simple","Bouche-à-oreille",5,3,3,1,12036,"Améliorer la qualité du service."
386,"Homme",19,"Dakar-Plateau","Oui",3,"Parfois",14157,3,4,"Oui","Sécurité","Bouche-à-oreille",2,2,3,4,15465,"Ajouter plus de fonctionnalités."
387,"Femme",21,"Fann-Point E-Amitié","Oui",2,"Souvent",21423,1,2,"Oui","Livraison rapide","Bouche-à-oreille",5,2,2,2,16405,"Rendre les prix plus abordables."
388,"Femme",18,"Hann Bel-Air","Oui",2,"Parfois",13457,3,1,"Oui","Interface simple","Email",3,4,5,1,5968,"Ajouter plus de fonctionnalités."
389,"Femme",22,"Ouakam","Oui",2,"Souvent",19779,5,5,"Non","Sécurité","Affichage campus",5,5,5,3,10570,"Rendre les prix plus abordables."
390,"Femme",21,"Ouakam","Oui",5,"Parfois",18611,4,5,"Oui","Livraison rapide","Email",3,2,2,3,15767,"Offrir un essai gratuit."
391,"Homme",26,"Yoff","Non",5,"Parfois",16158,4,3,"Oui","Livraison rapide","Réseaux sociaux",4,3,5,4,13564,"Ajouter plus de fonctionnalités."
392,"Femme",19,"Dakar-Plateau","Oui",1,"Parfois",14614,2,3,"Oui","Offre personnalisée","Affichage campus",3,3,1,1,14013,"Améliorer la qualité du service."
393,"Homme",27,"Dakar-Plateau","Oui",3,"Parfois",14676,3,3,"Oui","Livraison rapide","Bouche-à-oreille",2,1,5,3,10761,"Rendre les prix plus abordables."
394,"Homme",26,"Hann Bel-Air","Non",5,"Jamais",12863,2,3,"Oui","Livraison rapide","Affichage campus",1,3,2,5,13823,"Rendre les prix plus abordables."
395,"Femme",20,"Fann-Point E-Amitié","Oui",2,"Parfois",18223,4,5,"Oui","Offre personnalisée","Affichage campus",2,1,4,2,16110,"Améliorer la qualité du service."
396,"Femme",25,"Fann-Point E-Amitié","Oui",3,"Très souvent",22496,4,5,"Oui","Offre personnalisée","Affichage campus",4,4,4,4,15721,"Ajouter plus de fonctionnalités."
397,"Femme",19,"Patte d'Oie","Oui",1,"Parfois",18942,3,4,"Oui","Livraison rapide","Réseaux sociaux",5,4,3,3,15710,"Ajouter plus de fonctionnalités."
398,"Femme",20,"Patte d'Oie","Oui",4,"Souvent",17579,5,3,"Oui","Livraison rapide","Réseaux sociaux",4,1,5,3,10899,"Ajouter plus de fonctionnalités."
399,"Femme",22,"Ouakam","Oui",5,"Souvent",20370,5,4,"Oui","Offre personnalisée","Email",2,3,1,4,12376,"Ajouter plus de fonctionnalités."
400,"Homme",20,"Dakar-Plateau","Oui",4,"Souvent",14826,2,2,"Oui","Livraison rapide","Bouche-à-oreille",3,5,4,1,11466,"Offrir un essai gratuit."
401,"Homme",29,"Gueule Tapée-Fass-Colobane","Oui",1,"Souvent",21372,3,2,"Oui","Prix bas","Affichage campus",5,4,4,1,16682,"Offrir un essai gratuit."
402,"Femme",21,"Hann Bel-Air","Oui",1,"Parfois",12910,2,2,"Oui","Interface simple","Affichage campus",2,1,5,2,11531,"Rendre les prix plus abordables."
403,"Homme",28,"Grand Dakar","Oui",2,"Très souvent",18353,5,5,"Non","Sécurité","Bouche-à-oreille",3,2,4,3,13992,"Rendre les prix plus abordables."
404,"Homme",26,"Gueule Tapée-Fass-Colobane","Non",2,"Rarement",17461,2,2,"Oui","Interface simple","Email",5,4,2,4,16705,"Ajouter plus de fonctionnalités."
405,"Femme",21,"Fann-Point E-Amitié","Oui",4,"Parfois",17986,4,4,"Oui","Offre personnalisée","Bouche-à-oreille",1,3,2,3,16293,"Rendre les prix plus abordables."
406,"Femme",25,"Dakar-Plateau","Non",3,"Parfois",9106,3,3,"Oui","Livraison rapide","Email",2,5,3,4,9646,"Rendre les prix plus abordables."
407,"Homme",21,"Grand Dakar","Oui",5,"Très souvent",16074,4,3,"Oui","Livraison rapide","Email",3,2,3,5,14462,"Améliorer la qualité du service."
408,"Femme",27,"Gueule Tapée-Fass-Colobane","Oui",2,"Souvent",9970,4,2,"Oui","Livraison rapide","Bouche-à-oreille",1,3,5,1,10391,"Offrir un essai gratuit."
409,"Femme",22,"Fann-Point E-Amitié","Non",4,"Rarement",8272,2,2,"Oui","Prix bas","Affichage campus",4,5,2,3,13318,"Ajouter plus de fonctionnalités."
410,"Homme",24,"Grand Dakar","Oui",4,"Souvent",13895,4,4,"Non","Livraison rapide","Email",5,2,3,1,7949,"Bonne initiative pour les étudiants."
411,"Femme",19,"Hann Bel-Air","Non",3,"Parfois",15171,4,3,"Oui","Offre personnalisée","Bouche-à-oreille",4,4,2,4,13799,"Ajouter plus de fonctionnalités."
412,"Homme",24,"Patte d'Oie","Non",2,"Rarement",11039,1,1,"Oui","Prix bas","SMS",1,5,3,5,8820,"Offrir un essai gratuit."
413,"Femme",24,"Hann Bel-Air","Oui",4,"Parfois",13926,2,3,"Non","Livraison rapide","Affichage campus",2,5,3,2,5424,"Ajouter plus de fonctionnalités."
414,"Femme",21,"Ngor","Oui",3,"Très souvent",21886,3,3,"Oui","Sécurité","SMS",1,2,1,1,16348,"Améliorer la qualité du service."
415,"Femme",21,"Ngor","Non",5,"Parfois",12385,2,2,"Oui","Interface simple","SMS",2,1,1,2,10852,"Ajouter plus de fonctionnalités."
416,"Femme",25,"Parcelles Assainies","Non",3,"Parfois",10359,4,5,"Oui","Livraison rapide","Affichage campus",2,2,1,1,11301,"Offrir un essai gratuit."
417,"Homme",26,"Mermoz-Sacré-Cœur","Oui",5,"Souvent",11035,5,5,"Oui","Offre personnalisée","Affichage campus",3,4,3,2,14561,"Rendre les prix plus abordables."
418,"Femme",23,"Fann-Point E-Amitié","Oui",4,"Très souvent",22107,3,2,"Oui","Livraison rapide","Email",5,4,1,3,14702,"Rendre les prix plus abordables."
419,"Femme",25,"Dakar-Plateau","Oui",2,"Très souvent",12086,5,5,"Non","Offre personnalisée","Affichage campus",2,3,2,2,6758,"Offrir un essai gratuit."
420,"Femme",23,"Fann-Point E-Amitié","Oui",5,"Parfois",16712,2,1,"Oui","Interface simple","Email",5,5,3,4,10637,"Offrir un essai gratuit."
421,"Homme",20,"Yoff","Oui",3,"Très souvent",19938,3,3,"Non","Sécurité","SMS",2,5,4,1,12882,"Offrir un essai gratuit."
422,"Homme",24,"Patte d'Oie","Oui",3,"Parfois",16144,3,3,"Oui","Livraison rapide","Réseaux sociaux",2,3,1,1,13647,"Offrir un essai gratuit."
423,"Homme",23,"Yoff","Oui",1,"Très souvent",16398,4,4,"Oui","Offre personnalisée","SMS",5,5,5,1,12818,"Offrir un essai gratuit."
424,"Femme",27,"Mermoz-Sacré-Cœur","Oui",3,"Très souvent",17502,3,3,"Non","Livraison rapide","Affichage campus",2,4,5,1,8697,"Bonne initiative pour les étudiants."
425,"Homme",27,"Ouakam","Oui",3,"Souvent",18711,2,3,"Non","Livraison rapide","Affichage campus",5,1,1,4,11943,"Améliorer la qualité du service."
426,"Homme",27,"Patte d'Oie","Oui",5,"Très souvent",18645,4,3,"Oui","Offre personnalisée","Réseaux sociaux",5,2,4,4,12943,"Bonne initiative pour les étudiants."
427,"Femme",20,"Patte d'Oie","Oui",2,"Parfois",10095,3,2,"Oui","Livraison rapide","Réseaux sociaux",5,4,2,2,10545,"Rendre les prix plus abordables."
428,"Femme",28,"Hann Bel-Air","Oui",2,"Très souvent",16297,5,4,"Oui","Sécurité","Bouche-à-oreille",2,3,3,3,13194,"Améliorer la qualité du service."
429,"Femme",26,"Patte d'Oie","Oui",5,"Souvent",18147,3,3,"Oui","Sécurité","Réseaux sociaux",1,2,2,5,18383,"Rendre les prix plus abordables."
430,"Homme",20,"Dakar-Plateau","Non",3,"Rarement",8752,3,3,"Oui","Livraison rapide","Affichage campus",4,4,5,4,11602,"Rendre les prix plus abordables."
431,"Homme",28,"Patte d'Oie","Non",5,"Jamais",7061,1,1,"Oui","Livraison rapide","SMS",5,3,5,4,8437,"Ajouter plus de fonctionnalités."
432,"Homme",25,"Hann Bel-Air","Oui",3,"Très souvent",14189,3,4,"Non","Sécurité","Affichage campus",1,1,5,5,10822,"Offrir un essai gratuit."
433,"Femme",25,"Grand Dakar","Oui",5,"Parfois",11530,3,2,"Oui","Prix bas","Email",5,4,5,2,9466,"Améliorer la qualité du service."
434,"Homme",26,"Yoff","Oui",3,"Parfois",14085,2,3,"Oui","Offre personnalisée","SMS",1,1,2,1,14136,"Bonne initiative pour les étudiants."
435,"Femme",23,"Ouakam","Oui",4,"Très souvent",16514,3,2,"Oui","Interface simple","Bouche-à-oreille",1,2,5,2,12248,"Ajouter plus de fonctionnalités."
436,"Homme",25,"Yoff","Oui",4,"Parfois",14459,3,3,"Oui","Offre personnalisée","SMS",1,4,4,3,12507,"Améliorer la qualité du service."
437,"Femme",19,"Ouakam","Oui",3,"Parfois",19379,3,3,"Oui","Livraison rapide","Bouche-à-oreille",4,5,1,5,15626,"Améliorer la qualité du service."
438,"Femme",18,"Fann-Point E-Amitié","Oui",1,"Souvent",18470,4,3,"Oui","Offre personnalisée","Bouche-à-oreille",3,5,5,1,16771,"Rendre les prix plus abordables."
439,"Femme",19,"Parcelles Assainies","Oui",4,"Très souvent",10565,4,5,"Oui","Sécurité","Affichage campus",1,5,3,3,13584,"Bonne initiative pour les étudiants."
440,"Femme",20,"Yoff","Oui",1,"Parfois",18269,1,2,"Oui","Livraison rapide","SMS",5,4,4,1,17101,"Offrir un essai gratuit."
441,"Femme",21,"Hann Bel-Air","Oui",3,"Parfois",19167,2,1,"Oui","Prix bas","Affichage campus",4,4,3,4,11914,"Ajouter plus de fonctionnalités."
442,"Homme",22,"Parcelles Assainies","Oui",5,"Très souvent",15955,3,3,"Oui","Sécurité","Bouche-à-oreille",5,1,5,1,11988,"Améliorer la qualité du service."
443,"Homme",23,"Grand Dakar","Non",3,"Rarement",3843,2,4,"Non","Livraison rapide","Affichage campus",3,1,4,5,4522,"Bonne initiative pour les étudiants."
444,"Femme",20,"Gueule Tapée-Fass-Colobane","Oui",4,"Souvent",15271,4,3,"Non","Livraison rapide","Affichage campus",3,5,2,5,9380,"Bonne initiative pour les étudiants."
445,"Homme",24,"Ngor","Oui",3,"Souvent",15826,5,5,"Non","Offre personnalisée","SMS",2,3,3,1,14249,"Rendre les prix plus abordables."
446,"Homme",25,"Yoff","Non",1,"Parfois",14296,4,5,"Oui","Livraison rapide","SMS",2,4,1,2,15914,"Bonne initiative pour les étudiants."
447,"Homme",22,"Patte d'Oie","Oui",4,"Parfois",18701,3,2,"Oui","Livraison rapide","Réseaux sociaux",4,3,5,2,9332,"Améliorer la qualité du service."
448,"Femme",20,"Patte d'Oie","Non",1,"Parfois",4411,4,5,"Non","Offre personnalisée","SMS",1,3,3,5,7534,"Bonne initiative pour les étudiants."
449,"Femme",20,"Gueule Tapée-Fass-Colobane","Oui",2,"Très souvent",14638,5,4,"Oui","Offre personnalisée","Bouche-à-oreille",4,3,3,2,17379,"Améliorer la qualité du service."
450,"Homme",23,"Parcelles Assainies","Non",2,"Rarement",9303,2,2,"Oui","Livraison rapide","Affichage campus",3,5,2,1,10783,"Bonne initiative pour les étudiants."
451,"Homme",26,"Patte d'Oie","Oui",3,"Très souvent",13516,5,5,"Non","Sécurité","Réseaux sociaux",4,1,3,3,11485,"Rendre les prix plus abordables."
452,"Femme",25,"Patte d'Oie","Non",1,"Parfois",13696,4,5,"Oui","Offre personnalisée","Réseaux sociaux",2,2,5,2,14348,"Améliorer la qualité du service."
453,"Femme",19,"Dakar-Plateau","Oui",3,"Souvent",15059,3,5,"Oui","Livraison rapide","Bouche-à-oreille",2,5,4,1,12108,"Bonne initiative pour les étudiants."
454,"Femme",22,"Grand Dakar","Non",4,"Parfois",8543,3,3,"Oui","Livraison rapide","Email",1,4,1,1,10032,"Ajouter plus de fonctionnalités."
455,"Femme",24,"Ngor","Oui",1,"Très souvent",15986,5,5,"Oui","Livraison rapide","SMS",2,1,5,2,15928,"Rendre les prix plus abordables."
456,"Homme",19,"Grand Dakar","Non",3,"Parfois",9599,3,2,"Oui","Prix bas","Email",4,4,2,1,12162,"Offrir un essai gratuit."
457,"Homme",27,"Gueule Tapée-Fass-Colobane","Oui",4,"Très souvent",17444,4,4,"Non","Sécurité","Bouche-à-oreille",5,1,4,4,12189,"Rendre les prix plus abordables."
458,"Homme",24,"Gueule Tapée-Fass-Colobane","Non",2,"Rarement",6286,2,1,"Oui","Livraison rapide","Affichage campus",3,4,2,4,9943,"Offrir un essai gratuit."
459,"Femme",18,"Ngor","Oui",2,"Souvent",11868,4,4,"Oui","Livraison rapide","SMS",5,5,2,2,9779,"Améliorer la qualité du service."
460,"Femme",22,"Grand Dakar","Non",3,"Parfois",15173,3,4,"Oui","Livraison rapide","Affichage campus",5,3,3,5,15054,"Offrir un essai gratuit."
461,"Homme",26,"Patte d'Oie","Oui",4,"Parfois",25928,3,3,"Non","Livraison rapide","SMS",5,3,3,5,13160,"Rendre les prix plus abordables."
462,"Femme",25,"Grand Dakar","Non",4,"Parfois",12943,3,3,"Oui","Offre personnalisée","Email",4,3,5,3,13032,"Bonne initiative pour les étudiants."
463,"Femme",25,"Gueule Tapée-Fass-Colobane","Oui",3,"Très souvent",17213,3,3,"Non","Livraison rapide","Email",4,2,5,2,9485,"Ajouter plus de fonctionnalités."
464,"Femme",21,"Ouakam","Non",1,"Jamais",11331,1,1,"Oui","Prix bas","Bouche-à-oreille",3,1,3,2,9999,"Offrir un essai gratuit."
465,"Homme",29,"Yoff","Oui",4,"Parfois",18971,4,4,"Oui","Sécurité","SMS",3,3,1,1,16652,"Ajouter plus de fonctionnalités."
466,"Femme",18,"Fann-Point E-Amitié","Oui",5,"Parfois",17149,2,1,"Oui","Interface simple","Affichage campus",5,2,3,4,8955,"Offrir un essai gratuit."
467,"Femme",26,"Ngor","Oui",2,"Très souvent",14816,4,4,"Non","Sécurité","Réseaux sociaux",2,2,3,2,12426,"Améliorer la qualité du service."
468,"Homme",24,"Parcelles Assainies","Oui",3,"Souvent",15270,3,3,"Oui","Livraison rapide","Affichage campus",4,1,1,5,14847,"Rendre les prix plus abordables."
469,"Femme",20,"Ouakam","Oui",3,"Parfois",15622,3,3,"Non","Offre personnalisée","Email",1,5,1,5,11430,"Offrir un essai gratuit."
470,"Homme",22,"Gueule Tapée-Fass-Colobane","Oui",2,"Souvent",15721,4,4,"Oui","Offre personnalisée","Affichage campus",3,1,3,3,16505,"Améliorer la qualité du service."
471,"Femme",19,"Hann Bel-Air","Non",5,"Parfois",10579,2,1,"Oui","Prix bas","Bouche-à-oreille",2,2,3,4,7745,"Ajouter plus de fonctionnalités."
472,"Homme",24,"Ouakam","Non",2,"Rarement",10318,3,4,"Non","Livraison rapide","Bouche-à-oreille",2,2,1,5,9538,"Améliorer la qualité du service."
473,"Femme",25,"Mermoz-Sacré-Cœur","Non",4,"Rarement",11615,3,4,"Oui","Offre personnalisée","Affichage campus",2,2,5,1,12097,"Bonne initiative pour les étudiants."
474,"Homme",23,"Mermoz-Sacré-Cœur","Non",2,"Parfois",8526,3,2,"Oui","Livraison rapide","Email",3,5,2,4,14527,"Offrir un essai gratuit."
475,"Homme",23,"Yoff","Oui",5,"Très souvent",19365,4,4,"Non","Sécurité","Réseaux sociaux",2,4,4,3,13726,"Bonne initiative pour les étudiants."
476,"Femme",19,"Patte d'Oie","Oui",5,"Souvent",18401,4,3,"Oui","Livraison rapide","Réseaux sociaux",1,1,4,5,14939,"Améliorer la qualité du service."
477,"Homme",19,"Dakar-Plateau","Non",2,"Jamais",6547,1,1,"Oui","Livraison rapide","Email",2,2,3,2,4819,"Ajouter plus de fonctionnalités."
478,"Femme",30,"Fann-Point E-Amitié","Oui",2,"Parfois",18604,2,2,"Oui","Prix bas","Email",1,1,3,4,11441,"Améliorer la qualité du service."
479,"Femme",18,"Ouakam","Oui",2,"Très souvent",13374,4,5,"Oui","Livraison rapide","Affichage campus",1,1,1,5,13020,"Offrir un essai gratuit."
480,"Homme",22,"Gueule Tapée-Fass-Colobane","Oui",5,"Parfois",16205,2,2,"Non","Interface simple","Affichage campus",2,1,5,2,12621,"Bonne initiative pour les étudiants."
481,"Femme",25,"Yoff","Oui",3,"Très souvent",13003,4,4,"Non","Livraison rapide","Réseaux sociaux",3,2,5,5,9355,"Bonne initiative pour les étudiants."
482,"Homme",21,"Parcelles Assainies","Oui",1,"Très souvent",12265,2,3,"Oui","Offre personnalisée","Email",3,1,5,3,16601,"Bonne initiative pour les étudiants."
483,"Femme",18,"Ouakam","Oui",5,"Souvent",15674,3,4,"Oui","Sécurité","Email",5,5,5,1,15325,"Améliorer la qualité du service."
484,"Homme",27,"Yoff","Oui",1,"Parfois",17672,3,2,"Non","Prix bas","SMS",3,5,3,2,11235,"Bonne initiative pour les étudiants."
485,"Homme",29,"Patte d'Oie","Non",1,"Parfois",7578,4,4,"Non","Sécurité","Réseaux sociaux",2,2,5,2,6860,"Ajouter plus de fonctionnalités."
486,"Femme",22,"Gueule Tapée-Fass-Colobane","Oui",1,"Souvent",16300,4,3,"Oui","Offre personnalisée","Affichage campus",3,2,4,2,11426,"Ajouter plus de fonctionnalités."
487,"Femme",25,"Ngor","Oui",2,"Parfois",9678,2,3,"Oui","Sécurité","SMS",3,3,1,1,6472,"Améliorer la qualité du service."
488,"Homme",25,"Parcelles Assainies","Oui",3,"Parfois",15213,3,3,"Oui","Offre personnalisée","Affichage campus",4,2,2,3,17675,"Améliorer la qualité du service."
489,"Femme",24,"Hann Bel-Air","Non",5,"Rarement",13719,4,5,"Non","Offre personnalisée","Email",5,5,4,1,8001,"Bonne initiative pour les étudiants."
490,"Homme",22,"Ngor","Non",4,"Jamais",15451,3,3,"Non","Livraison rapide","Réseaux sociaux",1,2,2,1,10078,"Offrir un essai gratuit."
491,"Homme",24,"Hann Bel-Air","Oui",2,"Très souvent",12228,5,5,"Oui","Offre personnalisée","Affichage campus",1,2,5,3,14575,"Rendre les prix plus abordables."
492,"Femme",22,"Parcelles Assainies","Oui",4,"Très souvent",16121,5,5,"Oui","Offre personnalisée","Bouche-à-oreille",1,4,3,1,15379,"Offrir un essai gratuit."
493,"Femme",30,"Hann Bel-Air","Oui",5,"Souvent",19139,4,3,"Oui","Sécurité","Affichage campus",3,3,4,1,14696,"Offrir un essai gratuit."
494,"Homme",22,"Ngor","Oui",1,"Souvent",21944,5,4,"Oui","Livraison rapide","SMS",2,4,2,5,12824,"Bonne initiative pour les étudiants."
495,"Femme",23,"Patte d'Oie","Oui",3,"Parfois",27615,2,1,"Oui","Prix bas","Réseaux sociaux",4,5,4,5,12319,"Offrir un essai gratuit."
496,"Homme",20,"Gueule Tapée-Fass-Colobane","Oui",5,"Parfois",20204,3,3,"Oui","Offre personnalisée","Affichage campus",5,5,5,4,16655,"Offrir un essai gratuit."
497,"Femme",29,"Yoff","Non",1,"Rarement",8969,2,2,"Oui","Interface simple","Réseaux sociaux",3,2,2,3,6690,"Améliorer la qualité du service."
498,"Femme",21,"Dakar-Plateau","Oui",4,"Souvent",25112,4,4,"Non","Livraison rapide","Email",2,5,4,5,12962,"Rendre les prix plus abordables."
499,"Homme",21,"Ngor","Non",3,"Jamais",8051,3,4,"Oui","Livraison rapide","Réseaux sociaux",1,3,4,1,8885,"Bonne initiative pour les étudiants."
500,"Homme",24,"Ouakam","Oui",5,"Souvent",16147,4,4,"Oui","Offre personnalisée","Affichage campus",5,3,3,3,17290,"Rendre les prix plus abordables."
